-- MySQL dump 10.13  Distrib 8.0.23, for Win64 (x86_64)
--
-- Host: localhost    Database: jewelry_store
-- ------------------------------------------------------
-- Server version	8.0.23

/*!40101 SET @OLD_CHARACTER_SET_CLIENT=@@CHARACTER_SET_CLIENT */;
/*!40101 SET @OLD_CHARACTER_SET_RESULTS=@@CHARACTER_SET_RESULTS */;
/*!40101 SET @OLD_COLLATION_CONNECTION=@@COLLATION_CONNECTION */;
/*!50503 SET NAMES utf8mb4 */;
/*!40103 SET @OLD_TIME_ZONE=@@TIME_ZONE */;
/*!40103 SET TIME_ZONE='+00:00' */;
/*!40014 SET @OLD_UNIQUE_CHECKS=@@UNIQUE_CHECKS, UNIQUE_CHECKS=0 */;
/*!40014 SET @OLD_FOREIGN_KEY_CHECKS=@@FOREIGN_KEY_CHECKS, FOREIGN_KEY_CHECKS=0 */;
/*!40101 SET @OLD_SQL_MODE=@@SQL_MODE, SQL_MODE='NO_AUTO_VALUE_ON_ZERO' */;
/*!40111 SET @OLD_SQL_NOTES=@@SQL_NOTES, SQL_NOTES=0 */;

--
-- Table structure for table `brands`
--

DROP TABLE IF EXISTS `brands`;
/*!40101 SET @saved_cs_client     = @@character_set_client */;
/*!50503 SET character_set_client = utf8mb4 */;
CREATE TABLE `brands` (
  `id` int unsigned NOT NULL AUTO_INCREMENT,
  `name` varchar(128) COLLATE utf8_bin NOT NULL,
  `created_at` datetime DEFAULT CURRENT_TIMESTAMP,
  PRIMARY KEY (`id`)
) ENGINE=InnoDB AUTO_INCREMENT=8 DEFAULT CHARSET=utf8 COLLATE=utf8_bin;
/*!40101 SET character_set_client = @saved_cs_client */;

--
-- Dumping data for table `brands`
--

LOCK TABLES `brands` WRITE;
/*!40000 ALTER TABLE `brands` DISABLE KEYS */;
INSERT INTO `brands` VALUES (1,'Tiffany & Co','2021-03-04 14:20:28'),(2,'Cartier','2021-03-04 14:20:28'),(3,'Bvlgari','2021-03-04 14:20:28'),(4,'Mikimoto','2021-03-04 14:20:28'),(5,'Dolce & Gabanna','2021-03-04 14:20:28'),(6,'Graff','2021-03-04 14:20:28'),(7,'Boucheron','2021-03-04 14:20:28');
/*!40000 ALTER TABLE `brands` ENABLE KEYS */;
UNLOCK TABLES;
/*!50003 SET @saved_cs_client      = @@character_set_client */ ;
/*!50003 SET @saved_cs_results     = @@character_set_results */ ;
/*!50003 SET @saved_col_connection = @@collation_connection */ ;
/*!50003 SET character_set_client  = utf8mb4 */ ;
/*!50003 SET character_set_results = utf8mb4 */ ;
/*!50003 SET collation_connection  = utf8mb4_0900_ai_ci */ ;
/*!50003 SET @saved_sql_mode       = @@sql_mode */ ;
/*!50003 SET sql_mode              = 'STRICT_TRANS_TABLES,NO_ENGINE_SUBSTITUTION' */ ;
DELIMITER ;;
/*!50003 CREATE*/ /*!50017 DEFINER=`root`@`localhost`*/ /*!50003 TRIGGER `validate_brand_on_insert` BEFORE INSERT ON `brands` FOR EACH ROW BEGIN
  IF NEW.name IN(SELECT name FROM brands) THEN
    SIGNAL SQLSTATE '45000'
    SET MESSAGE_TEXT = 'Бренд уже существует в базе данных';
  END IF;
END */;;
DELIMITER ;
/*!50003 SET sql_mode              = @saved_sql_mode */ ;
/*!50003 SET character_set_client  = @saved_cs_client */ ;
/*!50003 SET character_set_results = @saved_cs_results */ ;
/*!50003 SET collation_connection  = @saved_col_connection */ ;
/*!50003 SET @saved_cs_client      = @@character_set_client */ ;
/*!50003 SET @saved_cs_results     = @@character_set_results */ ;
/*!50003 SET @saved_col_connection = @@collation_connection */ ;
/*!50003 SET character_set_client  = utf8mb4 */ ;
/*!50003 SET character_set_results = utf8mb4 */ ;
/*!50003 SET collation_connection  = utf8mb4_0900_ai_ci */ ;
/*!50003 SET @saved_sql_mode       = @@sql_mode */ ;
/*!50003 SET sql_mode              = 'STRICT_TRANS_TABLES,NO_ENGINE_SUBSTITUTION' */ ;
DELIMITER ;;
/*!50003 CREATE*/ /*!50017 DEFINER=`root`@`localhost`*/ /*!50003 TRIGGER `validate_brand_on_update` BEFORE UPDATE ON `brands` FOR EACH ROW BEGIN
  IF NEW.name IN(SELECT name FROM brands) THEN
    SIGNAL SQLSTATE '45000'
    SET MESSAGE_TEXT = 'Бренд уже существует в базе данных';
  END IF;
END */;;
DELIMITER ;
/*!50003 SET sql_mode              = @saved_sql_mode */ ;
/*!50003 SET character_set_client  = @saved_cs_client */ ;
/*!50003 SET character_set_results = @saved_cs_results */ ;
/*!50003 SET collation_connection  = @saved_col_connection */ ;

--
-- Temporary view structure for view `buy_address`
--

DROP TABLE IF EXISTS `buy_address`;
/*!50001 DROP VIEW IF EXISTS `buy_address`*/;
SET @saved_cs_client     = @@character_set_client;
/*!50503 SET character_set_client = utf8mb4 */;
/*!50001 CREATE VIEW `buy_address` AS SELECT 
 1 AS `user`,
 1 AS `phone`,
 1 AS `address`*/;
SET character_set_client = @saved_cs_client;

--
-- Table structure for table `categories`
--

DROP TABLE IF EXISTS `categories`;
/*!40101 SET @saved_cs_client     = @@character_set_client */;
/*!50503 SET character_set_client = utf8mb4 */;
CREATE TABLE `categories` (
  `id` int unsigned NOT NULL AUTO_INCREMENT,
  `name` varchar(128) COLLATE utf8_bin NOT NULL,
  `alias_name` varchar(128) COLLATE utf8_bin DEFAULT NULL,
  PRIMARY KEY (`id`)
) ENGINE=InnoDB AUTO_INCREMENT=11 DEFAULT CHARSET=utf8 COLLATE=utf8_bin;
/*!40101 SET character_set_client = @saved_cs_client */;

--
-- Dumping data for table `categories`
--

LOCK TABLES `categories` WRITE;
/*!40000 ALTER TABLE `categories` DISABLE KEYS */;
INSERT INTO `categories` VALUES (1,'Свадьба','событие'),(2,'Мужу','кому'),(3,'Жене','кому'),(4,'Партнеру','кому'),(5,'Коллекция','коллекция'),(6,'День рождения','событие'),(7,'Юбилей','событие'),(8,'Лето','сезон'),(9,'Зима','сезон'),(10,'Редкость','коллекция');
/*!40000 ALTER TABLE `categories` ENABLE KEYS */;
UNLOCK TABLES;

--
-- Table structure for table `categories_types`
--

DROP TABLE IF EXISTS `categories_types`;
/*!40101 SET @saved_cs_client     = @@character_set_client */;
/*!50503 SET character_set_client = utf8mb4 */;
CREATE TABLE `categories_types` (
  `id` int unsigned NOT NULL AUTO_INCREMENT,
  `name` varchar(128) COLLATE utf8_bin NOT NULL,
  `alias_name` varchar(128) COLLATE utf8_bin DEFAULT NULL,
  PRIMARY KEY (`id`)
) ENGINE=InnoDB AUTO_INCREMENT=9 DEFAULT CHARSET=utf8 COLLATE=utf8_bin;
/*!40101 SET character_set_client = @saved_cs_client */;

--
-- Dumping data for table `categories_types`
--

LOCK TABLES `categories_types` WRITE;
/*!40000 ALTER TABLE `categories_types` DISABLE KEYS */;
INSERT INTO `categories_types` VALUES (1,'Кольца',NULL),(2,'Серьги',NULL),(3,'Часы',NULL),(4,'Браслеты',NULL),(5,'Подвески',NULL),(6,'Цепи',NULL),(7,'Запонки',NULL),(8,'Броши',NULL);
/*!40000 ALTER TABLE `categories_types` ENABLE KEYS */;
UNLOCK TABLES;

--
-- Table structure for table `descriptions`
--

DROP TABLE IF EXISTS `descriptions`;
/*!40101 SET @saved_cs_client     = @@character_set_client */;
/*!50503 SET character_set_client = utf8mb4 */;
CREATE TABLE `descriptions` (
  `product_id` int unsigned NOT NULL,
  `article` text CHARACTER SET utf8mb4 COLLATE utf8mb4_unicode_ci,
  `created_at` datetime DEFAULT CURRENT_TIMESTAMP,
  `update_at` datetime DEFAULT CURRENT_TIMESTAMP ON UPDATE CURRENT_TIMESTAMP,
  PRIMARY KEY (`product_id`),
  CONSTRAINT `description_product_id_fk` FOREIGN KEY (`product_id`) REFERENCES `products` (`id`) ON DELETE CASCADE
) ENGINE=InnoDB DEFAULT CHARSET=utf8mb4 COLLATE=utf8mb4_unicode_ci;
/*!40101 SET character_set_client = @saved_cs_client */;

--
-- Dumping data for table `descriptions`
--

LOCK TABLES `descriptions` WRITE;
/*!40000 ALTER TABLE `descriptions` DISABLE KEYS */;
INSERT INTO `descriptions` VALUES (1,'Amet id et saepe et expedita quod enim. Minima aut qui aut. Deserunt non earum aut recusandae velit aperiam. Rerum delectus suscipit et omnis est ut.','2021-01-02 15:09:52','2021-03-04 15:41:58'),(2,'Iste vero necessitatibus vel libero aliquid corporis. Vel nisi esse sit qui eius ratione. Cumque illum non voluptas molestias sit repellendus cumque.','2020-06-06 17:12:14','2021-03-04 15:41:58'),(3,'Hic saepe quos qui quo aut eligendi. Tempore quasi adipisci commodi rerum a quia impedit. Quia aut rerum possimus. Autem alias sed sit temporibus ea omnis qui.','2020-06-07 22:49:00','2020-08-20 13:38:40'),(4,'Labore dicta unde autem odio quas ratione dolor. Sed sint repellat ea qui blanditiis harum. Illum rerum qui voluptas velit debitis laboriosam ea.','2020-10-08 21:16:22','2021-03-04 15:41:58'),(5,'Officiis qui quis nesciunt minus et. Enim harum maiores nostrum similique. Mollitia reprehenderit magnam ipsam voluptate rerum.','2021-02-16 18:45:09','2021-03-04 15:41:58'),(6,'Eum error explicabo illum voluptatem deserunt suscipit sunt qui. Quidem et sapiente consequatur nulla accusamus assumenda voluptas. Ea excepturi dolorem impedit voluptatem facere quo eligendi.','2020-04-04 15:17:42','2021-01-05 05:15:00'),(7,'Unde quod quas nesciunt esse error rerum. Aut odio qui ipsum a. Maxime nam quisquam quia tempore optio quo. Aperiam earum dolorum eaque. Dignissimos eum autem blanditiis recusandae ea dicta et est.','2020-10-26 00:00:17','2021-03-04 15:41:58'),(8,'Facere et nobis deserunt sunt soluta. Aliquid et odio eius tempore corporis magnam. Amet aperiam necessitatibus autem alias facilis.','2020-05-10 10:13:55','2020-10-31 11:30:08'),(9,'Voluptates labore sunt non maxime consequuntur quisquam quaerat. Dolorum necessitatibus expedita qui. Non consequatur laboriosam in et quasi quo dolor vero.','2021-01-26 01:10:40','2021-03-04 15:41:58'),(10,'Et commodi earum officiis dicta. Occaecati iste deleniti ut est vel distinctio. Molestiae voluptate quibusdam qui similique qui. Aut occaecati quis rerum tempore.','2020-09-10 00:02:48','2021-03-04 15:41:58'),(11,'Alias excepturi suscipit vel earum. Similique porro facilis libero debitis eligendi est et. Excepturi in eius ab amet neque nisi. Et animi voluptatibus ea aliquid voluptatem.','2020-08-07 16:06:27','2020-10-27 04:45:47'),(12,'Et enim suscipit cum minima molestiae qui voluptatem. Quod esse ut nemo non harum non nihil. Doloremque repellendus nulla autem. Est tenetur sed amet et laborum.','2020-09-10 21:24:07','2021-03-04 15:41:58'),(13,'Error ipsum sit numquam nisi nostrum qui. Atque blanditiis necessitatibus eos omnis illo voluptate amet. Quia eum et quis expedita.','2020-06-21 19:55:25','2021-03-04 15:41:58'),(14,'Ducimus minus porro omnis. Nisi enim et adipisci incidunt sed. Vitae et iste deserunt et tempore non. Molestiae facere aut inventore tenetur cupiditate odio.','2020-10-17 09:03:16','2020-10-27 20:42:19'),(15,'Eaque ab non tenetur dolorem. Modi ipsum accusantium ex sequi. Adipisci unde assumenda porro dicta suscipit itaque non animi.','2021-02-15 06:43:36','2021-03-04 15:41:58'),(16,'Veniam praesentium quos deserunt aut. Earum dignissimos placeat dicta illo eum. Voluptatem ullam consequatur et in enim odit.','2020-05-26 19:41:28','2020-07-07 12:52:21'),(17,'Delectus illum eligendi non tempora rem veniam aut. Ducimus earum exercitationem sed est magni ut. Et qui et omnis eos.','2020-07-25 04:14:09','2021-02-15 13:58:17'),(18,'Voluptate ea at asperiores molestias voluptate. Ut blanditiis enim aperiam provident. Sed fuga accusamus sit rerum nostrum praesentium.','2020-04-18 22:38:43','2020-10-19 18:22:44'),(19,'Quaerat assumenda aut doloribus qui. Error dolores facilis ipsam est quam nulla at. Soluta ullam reiciendis alias assumenda sed iusto omnis. Suscipit numquam excepturi et sint et odio.','2020-06-03 06:01:08','2021-02-12 19:50:02'),(20,'Vel ut aut ut quas in. Optio et perferendis cum velit quia doloribus. Officiis qui nihil distinctio mollitia repellendus cum quas. Sed dignissimos deleniti architecto aperiam ipsum vel.','2020-10-06 23:12:44','2021-03-04 15:41:58'),(21,'Praesentium rerum voluptatem animi expedita totam dolorem. Nihil earum exercitationem voluptatum velit. Ea ipsum odit maxime veniam blanditiis.','2020-09-13 17:04:21','2021-03-04 15:41:58'),(22,'Error facere assumenda est odio in est autem soluta. Assumenda a ipsum magni officiis. Laboriosam nesciunt perferendis et at minus. Rem eaque ipsa voluptate alias voluptate voluptate.','2020-10-15 15:39:03','2021-03-04 15:41:58'),(23,'Vero facere numquam quam dolorem quia. Illo eum quos voluptatem quo mollitia corporis. Nemo rerum esse id id impedit sunt ut modi. Sunt odio voluptate repellat id mollitia voluptas.','2020-12-04 18:31:13','2021-03-04 15:41:58'),(24,'Itaque consequatur et repellat autem enim expedita quia possimus. Est dolorem exercitationem quas esse pariatur et. Dolorem vitae maiores molestiae earum. Qui ipsam voluptates provident numquam.','2020-03-20 06:11:11','2020-05-19 02:56:09'),(25,'Et aut quasi ratione eius qui repudiandae consequatur. Ipsum nobis labore cupiditate est voluptatem. Quidem ex ducimus ea et. Numquam nemo dicta alias sit.','2021-02-28 18:51:07','2021-03-04 15:41:58'),(26,'Iusto maxime velit quia voluptatem eligendi eum. Earum maiores accusantium iste ut temporibus occaecati. Dolores a ipsam similique delectus repellendus inventore.','2020-09-20 15:30:47','2021-03-04 15:41:58'),(27,'Cumque laboriosam quod eos facilis repellat. Consequuntur et quo voluptas in dignissimos distinctio. Voluptas repudiandae odit mollitia eos.','2020-11-20 07:28:42','2021-03-04 15:41:58'),(28,'Molestias sequi aut veritatis est soluta eveniet. Quia molestiae numquam ipsum. Sit aut id ut id architecto rerum.','2020-11-14 20:16:19','2021-03-04 15:41:58'),(29,'Quam et inventore ex vero est voluptatem. Maxime deserunt necessitatibus et omnis modi aut omnis. Sit ut laborum magni quo possimus est vero.','2020-08-30 20:59:47','2021-01-23 09:35:33'),(30,'Accusantium qui inventore ut animi consequatur natus. Minus et nostrum laborum rem. Aspernatur deserunt officiis dolores et.','2020-09-05 13:46:16','2021-03-04 15:41:58'),(31,'Architecto non dolorem illum quam earum. Cumque consequatur et quae alias dolor laborum doloremque. Iusto rerum vel possimus architecto ipsa minus. Illo deserunt ut eos. Sit numquam est veniam fugit.','2020-09-17 01:34:31','2021-03-04 15:41:58'),(32,'Laudantium sunt aperiam odit vel voluptatem. Eligendi consequatur quas aperiam sed dignissimos. Magni et qui quia et omnis a. Omnis harum earum perspiciatis at et ducimus.','2020-11-18 06:29:08','2021-03-04 15:41:58'),(33,'Adipisci dignissimos ratione rerum. Quasi suscipit ut sed voluptas. Voluptatibus harum eos aut dolore aut omnis.','2020-10-23 19:48:21','2021-03-04 15:41:58'),(34,'Similique ea ea sed aliquid ea dolores. Illo cum facilis commodi officia. Aut eveniet eaque quis quaerat vero. Laborum dolorem et quia fuga beatae ut corporis.','2020-08-22 16:41:39','2020-12-29 13:25:03'),(35,'Quibusdam eum eius in hic vel et. Sed accusamus illum facilis qui qui ipsa nam vel. Voluptas enim quod est ipsam et voluptates.','2020-10-27 17:44:52','2021-03-04 15:41:58'),(36,'Sed dolorem eum itaque. Ut molestias vero est suscipit dolore. Voluptas delectus soluta et hic.','2021-02-25 20:40:18','2021-03-04 15:41:58'),(37,'Dolor harum quam rem facilis minus dignissimos. Numquam repellendus suscipit accusamus sunt accusamus illo. Neque quia blanditiis et. Ducimus et enim fugiat aliquid distinctio.','2020-03-10 14:58:21','2020-11-20 20:07:00'),(38,'Veniam nobis ut deleniti. Mollitia nihil odio nobis soluta fugit dolores ut. Ut voluptas voluptatum et voluptatum. Praesentium rerum ut sed non dicta.','2020-06-05 01:59:10','2020-08-15 12:07:11'),(39,'Inventore voluptatum unde inventore voluptatibus amet. Vel omnis ipsa cum aliquam. Est omnis molestiae necessitatibus. Modi quia vero error id.','2021-01-20 15:14:14','2021-03-04 15:41:58'),(40,'Dolore est praesentium cum dolor. Ipsum ipsum provident quis corporis ad minima totam placeat. Iste dolorem velit architecto libero quia animi distinctio. Et maiores tempore deleniti a reiciendis.','2020-06-26 05:34:26','2020-11-02 06:21:48'),(41,'Aspernatur quaerat non enim dicta at doloribus. Quo sed ea illum autem qui quam. Consequatur est voluptas vel ea quam.','2020-04-14 05:56:03','2020-08-07 16:04:19'),(42,'Qui expedita ipsam nesciunt laboriosam eos sequi voluptatem. Nemo saepe velit sed aut tempora qui voluptatem. Iste sit asperiores in voluptatum omnis. Sint id voluptatem rerum itaque perspiciatis.','2020-10-28 11:29:40','2021-03-04 15:41:58'),(43,'Dolores ut eaque minus est. Saepe minima veniam eos adipisci laudantium voluptas recusandae nostrum. Tempore aperiam aut cumque expedita fuga. Inventore id vitae molestiae hic in et quasi.','2020-12-05 22:56:34','2020-12-31 02:30:16'),(44,'Beatae animi accusamus et distinctio corrupti dolorum possimus. Dolorem tenetur doloribus et consequatur dolores. Quam nihil voluptas ut laudantium dolor quae. Ratione sequi est rerum.','2020-11-15 05:33:15','2021-03-04 15:41:58'),(45,'Quos rem sunt quis voluptatem. Veniam id minima excepturi beatae. Culpa et maxime qui. Ea blanditiis vel velit dolores modi at.','2021-02-15 07:48:45','2021-03-04 15:41:58'),(46,'Qui officia distinctio architecto ea. Explicabo corrupti ex quis voluptatem exercitationem non officiis.\nRem sed ut nesciunt. Et earum nihil nihil ea ducimus. Possimus commodi nisi id sunt.','2021-01-23 00:28:57','2021-03-04 15:41:58'),(47,'Et ad quo quia voluptatem sit. Ullam ut et qui praesentium quia. Repellat unde molestiae est quasi asperiores error optio.','2020-07-23 15:19:06','2020-08-02 07:31:06'),(48,'Voluptatem sunt placeat repudiandae. Aspernatur rerum beatae dolorem fuga ea. Voluptas unde repudiandae reiciendis cupiditate mollitia. Ratione similique exercitationem et eligendi corrupti.','2021-01-30 03:41:44','2021-03-04 15:41:58'),(49,'Nemo quae officia quas sunt cupiditate animi voluptatibus repellat. Ex sit quis expedita qui sed optio earum. Excepturi qui ad maiores eius inventore. Adipisci sunt ut eligendi iure ut esse.','2020-05-30 19:25:08','2021-01-15 11:46:12'),(50,'Veritatis doloremque iusto molestias et minima eaque debitis porro. Nobis quo molestias totam qui. Aliquid iure qui aliquid omnis praesentium.','2020-08-01 14:46:40','2021-03-04 15:41:58'),(51,'Non ducimus sit consectetur maxime. Dolorum quia eos aut officiis sed at dolorem. Adipisci rem non adipisci rerum.','2020-09-16 21:06:57','2021-01-06 16:51:01'),(52,'Quo error et voluptas aut et ipsa odio. Non voluptatem voluptatem quam et iure. Voluptates et doloribus nostrum. Nostrum odio omnis exercitationem aspernatur.','2020-09-16 00:11:46','2021-02-03 05:42:27'),(53,'Sit nobis culpa et iusto rerum amet. Optio tempora voluptatum harum odit et. Maxime est quia nesciunt cum. Possimus cumque eius et eius consequatur. Eos ut non esse sunt.','2020-07-07 14:29:48','2021-03-01 22:29:49'),(54,'Quibusdam non est quod est omnis ut asperiores magni. Cum assumenda est harum corporis minus omnis similique. Atque et sequi nemo sit doloremque. Eveniet nihil saepe eos voluptatum et eligendi.','2020-08-12 15:55:37','2020-09-02 09:30:37'),(55,'Fugit illum sit rerum est libero. Occaecati similique ducimus suscipit quo. Esse cupiditate labore vel a. Id et id ad.','2020-10-03 22:04:57','2020-12-08 03:24:59'),(56,'Eos earum necessitatibus qui quod. Eveniet aliquam placeat ut iste consequatur omnis perferendis voluptas. Eaque cupiditate qui omnis libero est consequatur.','2020-06-21 11:02:56','2020-09-01 03:57:55'),(57,'Sapiente sed molestiae voluptas nostrum. Non ab ab facere veniam quidem. Sed perspiciatis quas occaecati aspernatur. Dicta et et sint.','2021-01-04 20:21:28','2021-03-04 15:41:58'),(58,'Suscipit non architecto autem. Molestiae sed excepturi rerum impedit harum magni.','2020-12-10 22:43:07','2021-03-04 15:41:58'),(59,'Deleniti doloremque veniam animi fugit. Et iure cum officiis sint. Hic id asperiores ut est est. Ducimus sed et excepturi libero possimus.','2020-12-31 15:13:01','2021-03-04 15:41:58'),(60,'Aut sit vero labore ratione sit tempora incidunt. Aut atque nemo quisquam impedit aut voluptas natus. Nihil et id distinctio illum nobis voluptas. Ipsa molestias error a illo.','2020-09-10 18:26:08','2021-03-04 15:41:58'),(61,'Cupiditate eos deserunt est non saepe laborum. Ea quia accusamus natus labore quod et repudiandae qui. Nihil et quisquam dolor libero at iste quia.','2020-10-30 21:05:25','2021-02-22 06:31:32'),(62,'Sapiente aspernatur reiciendis adipisci ut ipsum est amet suscipit. Sunt est molestias ut quasi adipisci. Quibusdam reprehenderit quaerat tenetur.','2020-09-10 16:21:00','2021-03-04 15:41:58'),(63,'Maxime expedita soluta nemo cum. Molestiae vel error culpa et. Consequuntur eum repellat facere autem laudantium.','2020-03-26 05:11:02','2020-09-16 14:40:41'),(64,'Impedit natus tempora voluptatem earum nam delectus aut. Dolores iure voluptatem necessitatibus dolor unde molestiae unde.','2021-01-15 13:55:32','2021-03-04 15:41:58'),(65,'Nulla culpa vel sed odio quo. Qui et libero quos laudantium quam perferendis quam quos. Aperiam ipsum voluptas dolores vel. Ut asperiores molestiae autem commodi aut ipsa.','2020-11-20 17:16:13','2021-01-24 04:34:18'),(66,'Laboriosam necessitatibus tempore et consequatur voluptatibus iure. Nemo illum commodi repellat quidem laudantium. Aut vero similique quia. Magni ab dicta facere aut.','2020-04-15 00:22:04','2020-06-30 05:12:44'),(67,'Ut deleniti provident nihil vel eos. Nihil et et consectetur et. Sapiente harum non facilis fugiat.','2020-03-30 18:06:51','2020-11-20 16:51:03'),(68,'Ut et sunt quidem provident. Enim eos impedit omnis porro voluptatem dolorum. Asperiores consequatur aut et quidem ut magnam eos qui. Ut qui optio ducimus rerum quidem doloremque.','2020-03-31 16:19:55','2020-07-09 20:41:02'),(69,'Et quae quidem necessitatibus molestiae non. Natus accusamus rerum voluptatem labore commodi reprehenderit dolores. Non perspiciatis esse rerum.','2020-10-31 13:46:46','2021-03-04 15:41:58'),(70,'Et ut possimus nihil ut sed modi. Ullam ex quis maiores. Perferendis eius et ut voluptas deserunt in et.','2020-10-19 05:52:17','2021-03-02 20:16:18'),(71,'Quas dolores possimus architecto. Corporis tempora officiis repellat sunt est ea eaque. Autem voluptates in quae provident.','2020-10-30 21:29:47','2021-03-04 15:41:58'),(72,'Nisi qui autem eos ex sit. Necessitatibus natus ea autem sint aperiam. Voluptas adipisci sint dolor ut nulla ipsum. Recusandae laboriosam tenetur nam modi.','2020-07-05 17:25:35','2020-08-04 14:23:59'),(73,'Qui in esse qui velit animi sapiente quae. At veritatis corrupti earum quis ut quia. Eaque quia hic suscipit laboriosam ducimus sint. Consequatur fuga tenetur quos laboriosam hic.','2020-06-11 17:58:34','2020-06-15 02:38:37'),(74,'Explicabo voluptas omnis veniam aliquid fugit. Nobis dignissimos et quasi ut consequatur deleniti. Maiores non laudantium et sunt quam. Quia qui velit unde est fuga nesciunt.','2020-05-18 12:17:00','2020-06-07 17:50:13'),(75,'Eos aut dolores ex ab aut delectus. Ducimus aliquam eos vel ipsum occaecati. Suscipit est eum praesentium laudantium esse quia. Doloremque voluptas dolorum atque iusto porro unde fugiat.','2021-01-06 22:09:35','2021-03-04 15:41:58'),(76,'Dicta est fuga qui ea et quae. Illo assumenda quidem nisi voluptas. Eveniet nam rerum aut architecto.','2020-11-19 06:14:56','2020-12-06 07:31:12'),(77,'Sit voluptate iusto ut voluptas optio. Et sit et laboriosam accusantium.','2020-06-02 04:41:36','2020-07-26 05:13:38'),(78,'Asperiores alias quod accusamus neque quaerat quae qui. Dolores est mollitia repudiandae deleniti. Culpa aut qui ipsa corporis.','2021-01-23 15:45:02','2021-03-04 15:41:58'),(79,'Eius iure ut rerum explicabo quia qui rerum iure. Delectus voluptatum cum voluptates asperiores. Aut aut dolorem incidunt qui labore et est harum. Odit voluptas dolor occaecati in.','2020-07-12 00:34:26','2020-12-25 09:36:53'),(80,'Nisi eos necessitatibus ut sint ipsam. Optio molestiae ducimus quia eum. Libero adipisci temporibus deserunt quia et dicta velit rem.','2020-11-18 09:06:22','2021-03-04 15:41:58'),(81,'Explicabo iure inventore recusandae et. Neque eaque veritatis magni repellendus rerum eos magnam nulla.','2020-08-17 19:42:55','2021-03-04 15:41:58'),(82,'Repellendus voluptate nam necessitatibus. Nisi accusamus voluptate nesciunt numquam fugit. Commodi dicta placeat debitis mollitia voluptatem vel voluptas.','2020-09-28 16:53:47','2021-01-10 20:42:09'),(83,'Enim quisquam et voluptatibus maiores earum. Sint sed ex rerum omnis perferendis et. Quas cupiditate ipsum nulla. Repellat quia placeat perspiciatis velit.','2020-12-30 18:21:03','2021-03-04 15:41:58'),(84,'Earum quae praesentium placeat ut eligendi porro laudantium et. Dolorum soluta culpa magni autem voluptatem. Quidem corrupti aut ipsam accusamus. Aspernatur et placeat id cumque.','2021-02-01 15:35:23','2021-03-04 15:41:58'),(85,'Blanditiis esse eveniet quo tempora explicabo accusamus. Vitae assumenda veniam possimus alias. Cupiditate quod id fugit ut.','2020-12-07 16:22:44','2021-03-04 15:41:58'),(86,'Dolores enim et tempore aut. Sit nam illum esse dolorem consequatur. Voluptatibus voluptatibus sed in consequatur illo odio cumque.','2020-05-19 13:51:50','2020-09-09 11:31:20'),(87,'Ea cupiditate aut vero itaque sed fuga. At fugiat minima tempora. Architecto sit laborum rerum ratione ex.','2020-10-24 03:09:35','2021-03-04 15:41:58'),(88,'Deserunt quo adipisci ullam. Beatae non dolorem dolorem velit nam autem sed. Optio deleniti repellendus ipsam facere ut voluptatem. Ut doloribus qui quo libero in.','2020-04-12 03:17:43','2020-12-13 08:39:15'),(89,'Voluptatum minus dolore magni quae ad nisi. Doloribus cumque molestias qui velit. Iure est sit dolores non deleniti ut ut. Accusantium aut quis doloremque eum.','2020-03-28 00:11:38','2021-01-18 17:33:22'),(90,'In aliquam quia placeat sit facilis eius. Voluptas sit quia pariatur quo. Repudiandae aliquam et adipisci voluptatem. In aliquid qui incidunt eaque suscipit.','2020-07-11 05:44:59','2020-10-05 06:27:28'),(91,'Aut autem qui et tempore dolores id. Eum in at enim qui et sapiente. Non tempore commodi odit sunt nisi sint quas non. Dolorem doloribus est earum perspiciatis sapiente.','2020-12-23 07:31:49','2021-02-06 16:21:16'),(92,'Architecto a sint perferendis sed iusto repudiandae. Perferendis consequatur nisi enim et atque nobis est. Quia voluptates consequatur possimus est cupiditate.','2021-01-14 19:40:21','2021-03-04 15:41:58'),(93,'Maxime enim placeat earum similique qui ipsa. Tenetur et dolores voluptatem eos tempora. Et optio aut aut asperiores distinctio modi voluptatem magni. Unde vitae nobis nisi qui.','2021-01-03 06:41:39','2021-01-25 15:16:22'),(94,'Nulla dolore omnis rerum voluptate consequatur. Quo minus ipsam ab dolor deleniti nihil vel. Libero ut quam porro et eaque iure excepturi.','2021-01-02 16:59:39','2021-03-04 15:41:58'),(95,'Earum dolores eius doloribus deleniti quas. Totam ea tenetur numquam magnam earum vel iure. Aut non aut beatae totam omnis quas perferendis. Asperiores commodi est cum quae occaecati illo.','2020-10-27 14:40:38','2021-03-04 15:41:58'),(96,'Dolorem hic nemo ea neque qui. Nulla facilis soluta sed eos numquam asperiores.','2020-05-12 11:51:13','2021-03-04 15:41:58'),(97,'Dolorum eaque facere vel voluptatum blanditiis quod perspiciatis. Nihil ut aut aut laborum illum consequatur. Cumque adipisci in itaque.','2020-05-04 19:58:12','2020-07-07 20:16:36'),(98,'Ipsa excepturi officia aperiam officia nemo et. Labore et iusto ut ullam eos. Soluta laboriosam quo ipsam itaque molestias.','2021-01-04 02:44:49','2021-03-04 15:41:58'),(99,'Dignissimos fugit eos sunt quia autem. Dolorem esse quam iure et omnis culpa vitae. Magnam ipsam repellat sed aut. Omnis possimus voluptatum minima distinctio illo.','2020-03-10 19:51:21','2020-05-18 05:02:04'),(100,'Est quia dolorem qui iusto in aut et. Totam et distinctio molestias ipsam expedita. Ut assumenda dolores quia excepturi laborum numquam qui. Incidunt et nulla et velit cupiditate omnis.','2020-10-26 18:49:32','2021-03-04 15:41:58'),(101,'Nostrum et est error aut dignissimos quia vel commodi. Cupiditate illo quia aperiam sed iure. Eaque fugiat velit et in error aut dolor nam. Alias blanditiis cumque officia quidem laborum natus.','2020-10-05 11:44:18','2020-12-25 15:05:55'),(102,'Earum dolorum praesentium atque ipsum aut quis. Voluptatem ea in error possimus repellat eum ut consectetur.','2020-09-20 11:01:01','2020-10-25 03:13:11'),(103,'Ipsa accusamus architecto in velit odio sint minus temporibus. Amet officiis aperiam sunt ex modi aut sunt atque. Qui incidunt iusto ipsum nihil explicabo. Porro molestiae dicta numquam id.','2020-08-11 04:50:25','2021-03-04 15:41:58'),(104,'Et nobis cupiditate adipisci ipsa qui ipsa. Aut voluptatem quam non blanditiis eius. Sed aut dolore et non est a.','2020-10-28 19:21:44','2021-03-04 15:41:58'),(105,'Qui voluptatem iure est libero. Perferendis tenetur unde sequi alias. Autem illo aut similique labore commodi excepturi voluptatem.','2020-09-24 16:13:05','2021-03-04 15:41:58'),(106,'Et et sit commodi eligendi ipsum omnis suscipit. Repellat maxime maxime sed eveniet. Numquam a aut laudantium id repellat libero.','2021-01-07 18:06:03','2021-03-04 15:41:58'),(107,'Explicabo et laboriosam aspernatur expedita tenetur soluta nemo. Nisi quia accusantium quia veniam labore atque maiores assumenda.','2020-06-27 00:09:26','2021-03-04 15:41:58'),(108,'Velit reiciendis est ut necessitatibus nihil exercitationem quia reiciendis. Et dolorem vel nesciunt sint. Veritatis vero porro quam cum amet consequatur.','2020-05-21 22:20:02','2020-08-08 07:46:24'),(109,'Qui ut rem sed ipsum. Nemo iusto dignissimos tenetur. Corrupti sit autem quia nesciunt eius. Voluptatum in inventore enim quos reprehenderit.','2020-06-03 10:42:42','2020-07-14 06:16:12'),(110,'Ducimus harum provident blanditiis quae adipisci. Alias doloribus et nobis dolorum. Ratione suscipit blanditiis officia voluptatem repellendus.','2021-02-05 06:59:58','2021-03-04 15:41:58'),(111,'Doloribus asperiores doloremque sint placeat. Inventore minima et eum et. Architecto illo accusantium animi modi quos laborum nostrum sit.','2020-03-26 12:13:33','2021-02-09 19:11:01'),(112,'Praesentium odit aut dolorem dolor. Repellendus cupiditate error et tempore dicta. Quia provident tenetur voluptas quia rerum dolores. Nobis illum iusto quo et unde.','2021-01-03 23:07:24','2021-03-04 15:41:58'),(113,'Fugit soluta quo quod quod ex repellendus. Illo a iusto pariatur facilis possimus voluptatem eveniet. Sint illo explicabo sint voluptatem eaque quisquam.','2020-09-17 09:24:59','2021-03-04 15:41:58'),(114,'Quo enim delectus ut ut enim autem. Quasi voluptatem quia quaerat consequatur placeat ex enim. Corporis repudiandae illum impedit corporis culpa.','2020-11-06 10:48:59','2020-11-20 14:26:53'),(115,'Reprehenderit in vel animi ea. Reiciendis aut alias cumque. Aperiam doloremque et quos praesentium numquam.','2020-05-19 17:44:46','2021-01-18 03:06:07'),(116,'Praesentium illum debitis et non similique. Non occaecati itaque molestiae est. Tenetur sit velit qui et qui laboriosam. Neque pariatur qui et cumque. Repellendus eum dolorem hic odit.','2021-02-06 04:13:01','2021-03-04 15:41:58'),(117,'Corporis ad quis voluptas debitis cum qui molestias. Velit ut qui nihil dolores quis enim. Aut molestiae sed officiis mollitia similique nulla.','2020-11-19 23:58:10','2020-12-26 12:11:19'),(118,'Saepe perspiciatis quia laudantium qui. Et optio quia laudantium architecto corporis. Vel animi dicta et et labore. Veniam blanditiis aut facilis.','2020-10-12 09:44:42','2021-03-04 15:41:58'),(119,'Est et minus qui quis non. Architecto reprehenderit commodi laboriosam sit. Rerum rerum quam reiciendis quam necessitatibus vel. Libero totam reprehenderit neque impedit doloribus aperiam ut dolor.','2020-07-30 20:32:06','2021-01-24 11:39:49'),(120,'Sed consectetur quasi et esse quis et officia. Debitis vitae mollitia consequuntur cumque est. Exercitationem perferendis esse saepe perferendis nam.','2021-02-09 02:33:15','2021-03-04 15:41:58'),(121,'Ut consequuntur numquam repellat assumenda error sit. Vero iste ipsum repellat qui quibusdam nesciunt enim. Illo aut velit et qui expedita est.','2021-03-01 20:01:34','2021-03-04 15:41:58'),(122,'Dolore quia et laboriosam ex ea ea omnis. Necessitatibus dolorum assumenda et quis. Dolores quo cum dicta et.','2020-12-28 03:46:42','2021-03-04 15:41:58'),(123,'Sunt praesentium molestiae quos et. Esse distinctio optio quia harum. Numquam qui veniam ipsum voluptatum in.','2020-12-18 13:17:56','2021-03-04 15:41:58'),(124,'Perferendis saepe assumenda magnam laborum voluptates consequatur sint libero. Asperiores aperiam quo earum laborum magnam. Officiis odio ea numquam perferendis dolores architecto.','2020-11-07 03:43:21','2021-02-01 22:13:30'),(125,'Totam et ut sed. Error ea cumque temporibus iusto minima illum expedita neque. Quae velit possimus numquam officia reiciendis.\nTemporibus qui aut dolor. Quia in pariatur nisi.','2020-03-16 02:49:30','2021-02-13 17:24:37'),(126,'Optio et consequuntur repudiandae a non sapiente dolorem. Odio vel tempora quaerat sequi autem qui excepturi. Dolor minus consectetur non laboriosam sed optio.','2020-10-20 02:02:44','2020-11-03 21:52:30'),(127,'Facilis excepturi minus sunt velit doloribus. Hic veniam enim repellat. Quos inventore quasi et similique consequatur quibusdam tenetur et.','2020-03-24 07:46:40','2020-11-09 13:43:44'),(128,'Voluptatem sit nesciunt facilis ab. Eum sint et et possimus molestias est quam odio. Accusantium praesentium velit ab et.','2020-05-25 08:39:56','2020-08-05 21:38:12'),(129,'Ipsam numquam et velit itaque ea est placeat itaque. Qui molestiae maxime recusandae neque.','2020-09-21 17:06:55','2021-03-04 15:41:58'),(130,'Quia officiis ex aut corrupti sit esse. Id et laboriosam laudantium saepe vel in assumenda. Facilis in ea magni ipsum magni similique. Laboriosam officia adipisci temporibus nemo quibusdam eos.','2020-11-05 01:03:18','2021-01-28 03:30:13'),(131,'Ratione eum reprehenderit repellat et aut. Cumque dolore harum fugiat quia sequi accusamus quidem quia. Dolore libero rerum doloribus qui dolores labore. Ipsum sequi facilis maxime itaque quisquam.','2020-03-05 18:41:40','2020-12-02 20:29:56'),(132,'At impedit possimus quisquam architecto quia. Tempora incidunt facere dolorem sed itaque. A dolores architecto ipsa aliquid. Consequatur deleniti quia eos eveniet eveniet eveniet.','2020-03-27 12:46:34','2020-09-16 08:51:27'),(133,'Hic fugiat natus doloribus. Maxime voluptas consequatur repellat libero. Numquam ut non et tenetur. Illum natus mollitia atque.','2020-06-18 21:30:37','2021-03-04 05:42:59'),(134,'Sint debitis laudantium ad accusamus rerum nostrum. Vel rem non est suscipit perspiciatis laudantium non exercitationem.','2020-06-19 20:11:16','2021-03-04 15:41:58'),(135,'Consequatur numquam voluptatem fugiat praesentium. Sed iure enim quia repellendus molestiae illo ad.','2020-07-09 11:12:23','2020-12-18 22:32:39'),(136,'Sit sequi assumenda consequatur ex. Ducimus eum alias omnis quo nemo ut animi autem. Tempora nihil quis velit in quo molestiae in. Ut rerum animi voluptatem ut.','2020-10-20 12:55:50','2021-03-04 15:41:58'),(137,'Accusantium sint itaque voluptatem est. Pariatur enim accusamus qui et dolores. Ad qui eius asperiores vel facilis reprehenderit voluptatem. Qui sunt architecto tempora voluptatem velit totam id.','2020-08-12 22:44:56','2021-03-04 15:41:58'),(138,'Qui aut unde necessitatibus saepe. Quo et ut non unde. Quibusdam atque iure possimus nisi. Ut qui veritatis rerum est eligendi ea exercitationem.','2020-11-20 05:33:17','2021-03-04 15:41:58'),(139,'Veniam voluptas atque facere sint rem. Praesentium tenetur et in et provident exercitationem aut. Enim incidunt vitae quia modi doloribus nihil vitae.','2020-04-23 23:48:52','2020-07-10 17:34:53'),(140,'Dolores laudantium natus dolorem et. Eius corporis ut totam beatae praesentium. Modi at sed quae accusantium qui quasi dolores eaque. Harum optio unde ducimus architecto.','2020-04-30 13:57:57','2020-09-21 13:23:02'),(141,'Aspernatur occaecati ipsum suscipit cupiditate. Laudantium sapiente esse eveniet reiciendis. Totam et voluptas dignissimos vero qui tempora rerum.','2021-02-04 04:44:24','2021-03-04 15:41:58'),(142,'Modi iusto praesentium consequatur dolores est illum officia veniam. Eos sapiente magnam voluptas qui itaque blanditiis et quia. Modi sunt ea rerum. Voluptatum aut totam debitis eligendi sint iure.','2020-12-05 09:34:22','2020-12-17 20:52:20'),(143,'Voluptate magnam reiciendis rerum sequi. Commodi dolor voluptatem nobis voluptatem et voluptatem culpa. Minima rerum sunt ipsam tempore.','2020-06-24 00:44:58','2020-08-01 17:29:33'),(144,'Accusantium laborum alias dolores velit sit ipsum sit autem. Voluptas ducimus cum maiores est. Aut amet est qui optio.','2021-01-18 21:24:54','2021-03-04 15:41:58'),(145,'Enim voluptatem nisi est quam quidem vitae. Id a architecto temporibus tenetur delectus expedita. Ipsa sunt sit consequatur. Ducimus dolorum provident et consequatur reiciendis aut dignissimos.','2020-12-03 18:24:00','2021-03-04 15:41:58'),(146,'Debitis est autem soluta quod. Non enim officia provident dolor libero voluptas rerum ab.','2020-08-23 15:03:14','2021-03-04 15:41:58'),(147,'Et nobis repudiandae quia amet ea possimus ullam. Dicta quae ut laboriosam dolorem qui dolorem omnis quia. Quas sapiente neque porro molestiae corporis.','2021-01-14 13:51:26','2021-02-21 11:02:09'),(148,'Eos et consequatur ut est cumque rerum voluptas voluptatem. Quasi aut quos sunt natus commodi qui. Eius quidem enim omnis cupiditate et excepturi. In provident dolores quia quae nisi ex dolores.','2020-11-29 02:40:29','2021-03-04 15:41:58'),(149,'Earum non qui impedit voluptas hic voluptas iste. Consectetur eaque rerum aliquid suscipit voluptatibus. Qui a nostrum natus sequi.','2020-12-09 06:33:52','2021-03-04 15:41:58'),(150,'Error voluptas tempore quidem in rerum. Et quo voluptatibus nisi. Necessitatibus illum rem in.','2020-10-18 22:38:36','2021-03-04 15:41:58'),(151,'Ut et inventore quas aliquid a omnis. Tenetur dolor unde molestias. Sequi iusto voluptates illum aspernatur labore ea nam. Alias est quibusdam dolorum cum voluptates ut.','2020-06-03 21:48:21','2021-03-04 15:41:58'),(152,'Tempore est autem saepe cupiditate. Dignissimos incidunt ratione quibusdam dignissimos libero facere. Et quas autem quis voluptates.','2020-03-14 12:33:00','2020-06-10 02:49:52'),(153,'Molestiae nemo alias temporibus illo. Adipisci id aut dolore ut distinctio. Ex quia deserunt quia ducimus consequuntur soluta inventore. Enim quas ea ut reiciendis.','2020-07-14 01:23:33','2020-12-15 22:11:24'),(154,'Cupiditate quidem consequuntur et eum tempora. Deserunt necessitatibus id sint iste. Quod eum quod laudantium natus qui aut. Deserunt debitis vitae eos repudiandae nostrum minus quaerat.','2020-10-06 08:21:22','2021-03-04 15:41:58'),(155,'Consectetur minima odio tenetur sapiente recusandae eaque labore. Consectetur ullam quis totam maxime dicta sunt. Non eos soluta omnis non pariatur repellat. Vel doloremque consequatur reiciendis.','2020-06-08 13:33:26','2020-12-09 17:44:07'),(156,'Corporis voluptatem numquam magni blanditiis. Quia qui qui iste maxime enim est perspiciatis.','2020-10-01 06:40:08','2021-03-04 15:41:58'),(157,'Facilis nesciunt odit itaque molestiae. Repellendus aut et non magni consequatur illo. Voluptate delectus quia perferendis eos.','2020-07-06 21:57:43','2020-09-09 18:33:51'),(158,'Et non et ea qui reprehenderit sed autem. Saepe nulla corrupti quia quis numquam. Quia similique consequatur odit. Velit doloribus voluptas magni maiores reiciendis nihil.','2021-01-27 14:45:59','2021-03-04 15:41:58'),(159,'Est voluptas impedit aliquam ut. Est aperiam nostrum et impedit molestiae fugiat sunt. Sed quasi aut qui iure.','2021-02-27 03:09:50','2021-03-04 15:41:58'),(160,'Nobis quia mollitia quia dolor consequatur voluptatem. Incidunt iure aut et ullam accusamus ipsum fuga. Hic est cumque qui aut et.','2020-10-07 18:25:42','2021-03-04 15:41:58'),(161,'Iste omnis maiores quisquam nostrum. Pariatur eos a ad laborum. Cupiditate et animi deserunt et et.','2020-04-29 03:14:05','2021-02-18 23:47:14'),(162,'Inventore ad dolor quia nisi. Laboriosam officia aut ipsum nihil autem nobis praesentium. Est explicabo ipsum fugiat nihil omnis aperiam.','2020-11-06 10:54:05','2021-03-04 15:41:58'),(163,'Natus voluptas dolor unde in possimus mollitia. Fugit ut maxime exercitationem autem ipsum eveniet.','2020-09-17 19:40:19','2020-10-23 00:55:51'),(164,'Consequatur rerum laboriosam aliquid reprehenderit dolor. Tenetur asperiores dicta blanditiis sit rem. Molestias sit provident sequi sint vel cumque est. Quam facere ut non debitis eius temporibus.','2020-09-30 20:47:14','2020-11-02 04:36:40'),(165,'Deleniti qui sint dolores autem deserunt repellendus tenetur odio. Ab consectetur ut non nobis sunt. Consequatur alias fugit sed.','2020-06-18 03:29:00','2020-08-22 18:52:02'),(166,'Impedit est molestiae vitae et. Rerum libero dolor at dignissimos asperiores et enim. Possimus aut omnis quas pariatur molestiae. Eos voluptatibus dolorum quae quo.','2020-12-18 07:55:57','2020-12-28 20:50:36'),(167,'Molestias doloribus sed rerum maiores alias pariatur. Sed nobis soluta omnis consequatur. Soluta aut consequuntur nulla omnis laudantium.','2020-05-05 11:40:05','2021-03-04 15:41:58'),(168,'Alias necessitatibus ab dolorum fuga ut. Corporis assumenda quo non animi. Commodi dolorem hic autem voluptate repellendus aut esse. Libero sequi ipsum velit quia id numquam corporis reiciendis.','2020-08-20 06:43:43','2021-02-04 12:54:53'),(169,'Doloremque quo reprehenderit ab mollitia est. Aut minima veniam aut molestiae eos. At labore et non et molestiae. Quia beatae sunt et omnis fugit exercitationem minima.','2020-11-21 16:52:18','2021-03-04 15:41:58'),(170,'Rerum omnis qui sunt. A itaque dolorum nostrum. Aut placeat sit ad magni cumque earum dolorum. Consequatur neque excepturi repellat aperiam provident.','2021-02-09 00:25:30','2021-03-04 15:41:58'),(171,'Iure sint natus et maiores et eius. In aut unde eum pariatur nam architecto. Qui qui voluptatem nisi numquam vitae aut aliquid. Illo esse ducimus nostrum vitae aut.','2020-06-01 09:12:18','2021-03-04 15:41:58'),(172,'Nobis voluptates voluptatem sit mollitia tempora. Vero quia a autem ipsum asperiores. Et ut quaerat qui aliquid.','2020-03-07 20:54:37','2020-08-20 09:52:36'),(173,'Dicta et iste dolores voluptatem iure eius atque. Aut magni praesentium cum ducimus explicabo.','2020-12-07 18:57:45','2021-03-04 15:41:58'),(174,'Praesentium tempora officiis quo sequi eos consequuntur. Non odit a a temporibus voluptatem facere. Aut nulla nam alias sequi dignissimos nesciunt blanditiis eum.','2020-03-16 03:19:09','2020-05-20 01:04:57'),(175,'Sed et nostrum necessitatibus sunt aspernatur et dicta tempore. Temporibus ipsum nemo aut quis nesciunt debitis non. Natus veritatis odit possimus explicabo fugit aut numquam.','2020-03-16 01:14:52','2021-03-04 15:41:58'),(176,'Consequatur dolorum omnis placeat sequi autem veniam laboriosam ad. Qui et dolore deleniti et nemo quis totam non. Voluptatibus quod sit nesciunt dignissimos quas nisi optio voluptates.','2021-02-11 01:17:26','2021-03-04 15:41:58'),(177,'Odit magni repellendus sed repellat. Eligendi et pariatur ut voluptas. Qui alias deleniti a eaque.','2021-02-28 21:12:42','2021-03-04 15:41:58'),(178,'Doloribus sit veniam tempora. Temporibus molestiae est consequatur ipsum neque eveniet. Quia laboriosam fuga et eveniet.','2020-10-29 20:18:55','2021-03-04 15:41:58'),(179,'Et eveniet vel similique sed voluptas quam fuga. Qui reprehenderit et maiores. Expedita eveniet dolorem quasi sequi nostrum quaerat hic.','2020-09-26 17:26:23','2021-03-04 15:41:58'),(180,'Aspernatur unde nesciunt qui ea at vel est. Est asperiores dicta sunt qui totam consequatur totam. Ut natus eos corporis consequatur ullam. Quae id corporis molestias cupiditate quia ut laudantium.','2020-10-04 10:50:20','2021-03-04 15:41:58'),(181,'Cumque illo ipsam suscipit temporibus. Quasi natus reprehenderit fugit ex beatae sapiente. Enim iure at expedita.','2020-04-29 02:27:06','2021-02-03 05:01:49'),(182,'Accusantium voluptatem accusamus illo et. Est nobis corrupti ipsa dolores. Fuga non debitis quas libero. Aliquam provident vel et et repellendus ad quia.','2020-11-13 01:09:13','2021-03-04 15:41:58'),(183,'Libero sit harum ipsum sit. Omnis cum corporis est non fugiat ipsum quia ullam. Expedita sunt vero culpa dolor dolorem non. Rem et dignissimos pariatur et qui sed quaerat quia.','2020-08-27 13:00:07','2021-03-04 15:41:58'),(184,'Eligendi est quaerat id ullam. Molestiae aperiam ut ut quae vero accusantium qui est. Magni pariatur sit ullam consequuntur aliquam est ipsam unde.','2020-09-12 10:26:51','2020-10-01 01:18:49'),(185,'Omnis odit numquam consequuntur ut voluptatibus quisquam. Sequi deleniti voluptatum pariatur est. Sed minus quam molestiae hic enim.','2020-10-21 02:54:20','2021-03-04 15:41:58'),(186,'Numquam dolor adipisci neque est reiciendis quaerat qui. Assumenda porro quas ut. Est et ducimus id illo voluptatem. Asperiores quisquam optio repellat consequatur.','2020-12-25 17:12:02','2021-03-04 15:41:58'),(187,'Optio deserunt aut est sunt totam. Voluptatem corrupti odio deleniti velit temporibus laudantium. Qui pariatur aut quos rerum dicta aut delectus. Et quam id et quia.','2020-06-30 09:46:28','2021-03-04 15:41:58'),(188,'Dolores corrupti magnam et qui delectus placeat dolore. Saepe dignissimos suscipit ratione dolore pariatur quasi. Et et ut aspernatur voluptatem. Eum debitis totam quia minus ipsam.','2021-01-14 18:55:37','2021-03-04 15:41:58'),(189,'Aut enim facilis iure. Animi esse tenetur quis consequatur. Neque et architecto libero non atque fugit eaque sed.','2021-01-05 11:43:05','2021-03-04 15:41:58'),(190,'Distinctio iste velit et et ea rerum. Et hic error necessitatibus cupiditate facilis quia. Mollitia distinctio quam at incidunt et quo rerum.','2021-02-13 10:59:51','2021-03-04 15:41:58'),(191,'Id hic et esse rerum sint ex. Ducimus repudiandae beatae quia qui. Non corrupti hic officia excepturi.','2021-01-27 19:40:34','2021-03-04 15:41:58'),(192,'Voluptates amet inventore recusandae iste quis earum ex facere. Inventore maiores similique autem enim ex aut voluptatibus. Culpa nihil et hic expedita voluptas. Eos et culpa mollitia atque.','2020-05-30 10:00:39','2021-02-18 16:37:09'),(193,'Est assumenda dolores aut. Quae repellendus repellat voluptatum consequatur reprehenderit. Provident mollitia modi non sed nesciunt.','2020-11-22 02:32:58','2021-03-04 15:41:58'),(194,'Molestiae vel quo repudiandae amet. Eveniet reprehenderit tenetur dignissimos dicta quis sapiente dolores. Laborum eveniet iusto atque qui. Et sed alias sint voluptatem sunt qui.','2020-05-15 17:34:12','2020-09-27 09:56:15'),(195,'Unde expedita et unde est laudantium deleniti. Aut et et ratione qui eos. Aut velit corrupti voluptatem quibusdam fuga. Et labore qui ea sequi ullam et.','2020-04-08 10:21:50','2020-08-17 20:31:28'),(196,'Occaecati culpa et fugiat assumenda explicabo est. Et maiores excepturi delectus quis ipsum ipsa. Veritatis corporis dolore ut aliquid. Dolores et impedit in ipsum ut doloribus qui.','2021-01-14 13:22:28','2021-03-04 15:41:58'),(197,'Ullam impedit laborum nulla exercitationem sapiente. Animi eum aspernatur quis est molestiae nulla. Nihil sit impedit ad sint et qui ut. Expedita aliquam incidunt minima rerum doloribus beatae.','2020-10-25 08:08:49','2021-03-04 15:41:58'),(198,'Qui laborum provident aut quam. Tempora ut exercitationem impedit ut aut. At omnis eos a tenetur quo aut occaecati. Illum hic repellendus quam dignissimos voluptas dolor.','2020-08-14 11:25:07','2020-10-30 20:54:36'),(199,'Ullam mollitia quaerat sint consequuntur ut quo. Suscipit dolorem qui voluptatem vero velit.','2021-02-21 21:02:21','2021-03-04 15:41:58'),(200,'Et eligendi porro nesciunt dicta et harum expedita eum. Facilis temporibus rerum dolorem eius maxime laudantium. Quaerat inventore asperiores a at. Reprehenderit eius molestiae hic non atque neque.','2020-08-29 12:09:03','2021-01-29 11:02:45'),(201,'Dolor provident qui nemo aut sed perferendis molestias et. Dolorum aut possimus quia. Optio soluta et omnis quae qui ducimus.','2020-11-16 02:44:14','2020-11-20 12:03:52'),(202,'Et accusamus est aliquam alias repudiandae sed nemo. Omnis enim impedit repudiandae facilis itaque. Distinctio cum et quia veritatis placeat perferendis. Non consequatur totam consequatur dolores.','2020-07-18 22:04:43','2021-03-04 15:41:58'),(203,'Est non aut illo nostrum. Rerum odio et recusandae sunt. Repellendus porro quibusdam quia alias aliquid at.','2021-02-26 10:21:15','2021-03-04 15:41:58'),(204,'Et hic aliquid consequuntur praesentium. Omnis commodi sed et repellendus voluptatem. Voluptatibus esse earum ut.','2020-06-01 08:05:31','2021-03-04 15:41:58'),(205,'Nihil perferendis cum adipisci aperiam. Asperiores sit non magni eveniet. Qui dolores provident est. Aut quos at sapiente accusantium et.','2020-05-17 00:49:31','2021-02-07 04:09:19'),(206,'Est doloremque architecto omnis tempora asperiores delectus et enim. Qui facere fuga et vero autem ea.','2020-12-23 06:37:59','2021-03-04 15:41:58'),(207,'Voluptas non aut aut dolorem placeat officiis. Quo in aut pariatur architecto. Vel dolorem sit aut quisquam consequuntur dolorem aliquid fugit.','2020-08-22 19:27:08','2021-03-04 15:41:58'),(208,'Veniam eligendi ipsum amet molestiae. Deserunt cupiditate aut est expedita illum qui enim adipisci. Molestias sint dolorem aut consequatur voluptates deleniti ut.','2021-01-10 13:40:35','2021-03-04 15:41:58'),(209,'Numquam enim accusantium ut dolor veniam. Corporis vel qui ullam omnis eum vero.','2020-12-18 12:37:12','2021-03-04 15:41:58'),(210,'Ullam fugiat cumque molestiae iste earum corporis. Nostrum sapiente quo autem alias rem. Voluptates ab consequatur repellendus corrupti illum rerum quo. Ut sed ex ipsa.','2020-06-30 13:32:00','2020-10-07 23:40:06'),(211,'Doloribus sed pariatur et laudantium. Numquam natus ea delectus voluptatem ducimus reiciendis aspernatur.','2020-05-24 20:15:17','2021-01-26 07:27:41'),(212,'Et officiis sit perspiciatis cumque. Non ipsa tempore et nihil. Est occaecati ullam quis odio quia sed voluptatem.','2020-08-25 19:07:16','2021-03-04 15:41:58'),(213,'Odio aut iure rerum occaecati reprehenderit. Rerum dolorum iusto et molestias est. Nesciunt et iste minus nam eligendi.','2020-08-25 09:45:09','2020-10-03 21:25:18'),(214,'Cumque atque in sit. Voluptate voluptas rem quos atque consequatur distinctio omnis. Qui dolorum magnam non voluptates tempore.','2020-12-15 07:05:58','2021-03-04 15:41:58'),(215,'Sunt sit magnam rerum et molestiae consequatur. Est consequatur voluptatem consequatur eos.','2020-06-22 07:59:07','2021-01-14 10:38:12'),(216,'Dolor deserunt possimus enim aut. Quis error eum ipsum hic.','2020-10-08 05:38:08','2021-02-14 14:27:54'),(217,'Dicta quia voluptatem culpa consequatur ab sit eum. Minus saepe pariatur omnis rerum a id. Temporibus est nihil voluptatem itaque.','2020-09-16 06:49:16','2021-03-04 15:41:58'),(218,'Dolor sint laborum quos. Illum asperiores et quod rem ducimus qui rerum. Libero nisi eum qui impedit.','2020-05-23 03:40:45','2021-03-04 15:41:58'),(219,'Est quia iusto ut commodi deserunt iure. Maxime dicta illum aut explicabo facere saepe sunt. Deleniti qui est et quo sed. Quia deserunt iste quia magnam sunt.','2020-03-10 20:13:51','2020-08-02 16:28:32'),(220,'Quis nihil numquam ex ipsa reprehenderit est corporis blanditiis. Enim laudantium rerum amet est eligendi vero. Enim eligendi magni eius vero qui amet sapiente. Modi et repellat aut.','2020-05-29 01:11:36','2021-03-04 15:41:58'),(221,'Non occaecati deserunt numquam eaque quis. Officia maxime ratione accusantium recusandae. Rerum voluptatum velit laborum tenetur et expedita.','2020-07-05 09:49:54','2020-12-31 22:49:41'),(222,'Dolorum aliquam tempore quas est facere fugiat amet quas. Non tenetur facilis ab culpa cum. Sit qui totam odio voluptates quis consequatur.','2020-06-29 10:11:40','2021-03-04 15:41:58'),(223,'Tenetur vel voluptatibus et. Veritatis labore molestias quis dolorum. Ea ratione ipsa quaerat non nisi hic et qui. Perferendis molestiae et aut natus eos tempora.','2020-10-31 15:37:53','2021-03-04 15:41:58'),(224,'Laudantium non adipisci ut fugiat. Magni quia commodi officia similique laborum nam. Quos consectetur distinctio hic laborum unde fuga. Eaque eos aut explicabo consequatur recusandae eum.','2020-06-26 02:26:38','2021-03-04 15:41:58'),(225,'Incidunt rerum a in sit. Animi sed rerum dolores nostrum facilis sed.','2020-10-19 07:12:15','2020-10-30 04:55:34'),(226,'Eaque blanditiis excepturi est molestiae eius. Odit maxime saepe veniam ut unde voluptates quod. Sunt officia minima tempore ex cum. Optio sit mollitia vel aut odit.','2020-05-30 10:16:34','2021-03-04 15:41:58'),(227,'Molestiae ratione accusamus neque. Dolor debitis ea sequi veritatis ut saepe atque. Aut sit occaecati in sit provident adipisci deleniti illo.','2020-11-22 12:57:19','2021-03-04 15:41:58'),(228,'Est sunt quia voluptatem perferendis. Quo fuga doloribus rerum quidem et iste. Aut unde rerum ut nam quia id et.','2020-12-22 00:12:00','2021-03-04 15:41:58'),(229,'Quia ducimus atque quisquam aperiam sunt. Sit enim non voluptatem.','2020-10-02 19:48:16','2021-03-04 15:41:58'),(230,'Est doloremque qui ad dicta aliquam. Nulla nam quisquam fuga ea. Quis aperiam sit voluptatem. Labore culpa et blanditiis consequatur non atque.','2020-03-08 09:55:17','2021-02-18 00:36:02'),(231,'Aut quia quibusdam quo molestiae adipisci. Est dolorem quidem exercitationem aut. Consequatur dolores impedit et dolor tempore. Qui inventore architecto iste quo culpa laudantium.','2020-08-22 22:15:33','2020-09-19 13:31:12'),(232,'Amet magni consequatur qui expedita error. Fugiat ea cumque vel maiores voluptatem veritatis voluptas itaque. Accusantium dolor repellat autem quia. Laudantium sunt esse unde hic.','2021-01-29 10:01:29','2021-03-04 15:41:58'),(233,'Qui omnis dignissimos est quasi. Eos itaque eveniet minus quibusdam dolor. Distinctio nihil voluptatem id itaque consequatur quia.','2021-02-03 18:15:33','2021-02-20 07:23:25'),(234,'Fugiat praesentium aperiam quia ipsa. Quidem aliquam repudiandae et aut repellat a. Deserunt consequatur culpa ducimus pariatur ipsa. Quaerat quis doloribus sed.','2021-01-11 19:58:56','2021-03-04 15:41:58'),(235,'Voluptatem ullam ut quis. Praesentium rerum non quasi laborum omnis in quo.','2020-09-20 13:46:52','2021-03-04 15:41:58'),(236,'Non voluptas sit et sint accusantium. Placeat aspernatur commodi placeat et id consequatur. Quae iste illo recusandae sit qui.','2021-01-21 15:13:07','2021-03-04 15:41:58'),(237,'Molestias qui atque itaque aut maiores. Aspernatur consequatur voluptatem iusto doloremque. Cum et voluptates optio nihil. Officia voluptatum molestiae quisquam ut.','2020-11-16 06:37:34','2020-11-26 13:07:55'),(238,'Quia odio ut enim beatae. Tempora reiciendis aut iure inventore blanditiis laborum sint.','2021-01-04 23:31:14','2021-03-04 15:41:58'),(239,'Dicta quia aut voluptatem ex porro suscipit. Et quo cupiditate officia beatae perferendis. Nam et cum voluptas delectus consequuntur quasi.','2020-12-03 15:47:31','2021-03-04 15:41:58'),(240,'Quis consequatur a doloremque et odit consequuntur. Alias quis magni ex accusantium architecto. Nobis quam perferendis explicabo necessitatibus.','2020-09-05 17:12:38','2021-03-04 15:41:58'),(241,'Recusandae sunt eos labore est doloremque blanditiis. Distinctio architecto hic natus ullam incidunt. Officiis hic qui non. Velit exercitationem illum quos magnam.','2021-02-09 22:35:30','2021-03-04 15:41:58'),(242,'Vitae consequatur ipsum quas est soluta. Dolor sit vero et qui quis commodi. Natus eius aut impedit.','2020-10-02 06:20:24','2021-03-04 15:41:58'),(243,'Minima dolorem earum aut aut. Iure aut quos est. Ea quam voluptas error.\nVoluptate nulla et sit velit nam voluptatem vero. Facilis omnis odio vel non quaerat.','2020-12-24 10:48:28','2021-03-04 15:41:58'),(244,'Et quas ut iure rerum temporibus. Eum et qui ut tempora sint animi.','2020-08-22 17:10:50','2020-10-27 12:38:57'),(245,'Quae error magnam neque architecto quis dolorem. Ut officiis est voluptatem et et porro. Consequatur est dignissimos optio quaerat consequatur quia.','2021-02-01 19:16:14','2021-03-04 15:41:58'),(246,'Eum amet qui voluptatem. Voluptatum harum quis vel. Inventore accusantium voluptatibus quidem eius laborum totam animi aliquam.','2021-01-03 13:02:29','2021-03-04 15:41:58'),(247,'Qui saepe placeat fuga omnis. Corrupti enim officia perferendis quia. Necessitatibus ducimus totam modi sit sed sunt aperiam. Velit culpa accusantium odit.','2020-09-16 13:31:33','2021-03-03 08:33:44'),(248,'Blanditiis exercitationem magnam a beatae. Numquam vitae eum ipsum ut. Consequatur sit quasi non et perferendis consequatur laudantium.','2020-08-20 21:37:54','2021-03-04 15:41:58'),(249,'Voluptates et beatae provident eveniet. Aut aut rerum illo id adipisci reprehenderit tempore. Sequi at voluptatem voluptatibus.','2021-01-16 21:51:35','2021-03-04 15:41:58'),(250,'Quis quaerat et id. Enim est delectus exercitationem cupiditate vel hic est.','2020-12-07 10:12:28','2021-03-04 15:41:58'),(251,'Et possimus voluptatum et qui et maiores. Numquam neque accusantium illo voluptatem. Molestiae nam rerum numquam sunt iure totam iure.','2021-01-23 11:09:03','2021-03-04 15:41:58'),(252,'Velit sit est illum molestiae culpa aperiam. Id aperiam et nemo assumenda similique porro. At iste sint commodi.','2020-08-12 17:56:05','2021-03-04 15:41:58'),(253,'Corporis saepe mollitia enim tempora maiores rerum dignissimos. Voluptatibus aut sed perspiciatis nulla. Sunt molestias qui sequi id. Optio voluptatem animi sunt unde et et.','2021-01-10 16:42:35','2021-03-04 15:41:58'),(254,'Vel autem ducimus et eum nihil quaerat non. Ratione est iusto aut iusto. Quis vel inventore ipsa iure ut ipsa accusantium delectus.','2020-08-08 09:53:04','2021-02-04 11:42:25'),(255,'Vero maxime eaque nihil praesentium et doloribus quam. Et enim rerum voluptatem. Cupiditate eum omnis consequatur et nostrum odio quas vero. Est minima ex sapiente sit.','2020-10-02 04:54:07','2021-02-09 22:30:43'),(256,'Occaecati perferendis magnam quia nemo. Qui accusamus ut iusto. Sint rerum quas necessitatibus officia.','2021-01-01 23:29:26','2021-01-24 05:41:43'),(257,'Suscipit animi perferendis fuga et. Nobis molestiae quod consequatur et recusandae reiciendis. Sed et optio quasi.','2020-03-11 11:23:43','2020-09-08 08:51:58'),(258,'Pariatur dolore distinctio ad quia ipsam. Quis consequatur harum rerum. Natus praesentium repellendus vitae eum. Sit recusandae odio molestiae laudantium similique atque.','2020-03-26 10:14:39','2021-01-08 07:02:30'),(259,'Cumque deserunt nisi vel voluptas maxime. Nobis saepe voluptatem quod recusandae et rem sed. Aut sed quaerat sunt.\nEius blanditiis esse quo et corrupti in tenetur. Dolores ut ipsum et vero.','2021-01-11 02:40:14','2021-03-04 15:41:58'),(260,'Vitae ipsam maxime aut. Assumenda sunt esse aliquam eius eum occaecati. Accusantium tempora tenetur et perferendis rerum necessitatibus consequatur.','2020-09-07 07:55:49','2020-12-14 06:36:02'),(261,'Dolor repellat molestias explicabo aut velit. Ut voluptas nam quis animi repellendus reiciendis. Eaque odit autem perspiciatis dignissimos. Odit corrupti ducimus repellat qui vel nemo.','2021-02-16 13:18:02','2021-03-04 15:41:58'),(262,'Repellat ipsam dicta id eum. Aut quidem minus excepturi vitae ipsam dolor. Quaerat asperiores ea et voluptatem laborum. Eum repudiandae repellat fugit rerum eligendi aut.','2020-07-06 04:11:45','2020-10-31 00:01:12'),(263,'Expedita et dolorem cum inventore. Veritatis corporis debitis cumque nostrum. Rem ut quidem fuga molestiae voluptatum.','2020-08-13 13:34:25','2021-03-04 15:41:58'),(264,'Suscipit eum non qui praesentium rerum et omnis voluptatem. Ut nisi hic qui ipsum qui. Minima qui ipsum placeat veritatis.','2020-11-23 06:37:07','2021-03-04 15:41:58'),(265,'Sit id porro est eius. Autem qui officiis fugiat impedit cum. Voluptas ad sunt vitae nihil cupiditate enim dolore. Aut sit dolorem tenetur dolorem.','2021-02-17 22:54:44','2021-03-04 15:41:58'),(266,'Itaque exercitationem cum iure natus ut. Ratione ut id odit inventore ut autem praesentium sit. Et porro dolorem quas labore. Qui vel magnam quas officiis voluptates dolor voluptas omnis.','2021-01-25 13:16:54','2021-03-04 15:41:58'),(267,'Aut sed rerum officia et ad pariatur et. Ipsa maxime cumque adipisci inventore culpa. Voluptas nostrum commodi rerum eius eius ut necessitatibus. Et et eaque ut et accusamus quisquam eum.','2020-08-28 08:50:42','2020-11-01 12:14:01'),(268,'Et quod inventore quisquam. In beatae consequatur eaque dicta. Qui et labore quaerat expedita dolorem accusantium ducimus. Adipisci ab hic iusto ducimus qui et non.','2020-11-03 17:35:14','2021-03-04 15:41:58'),(269,'Molestias quo nostrum voluptatem enim esse. Perspiciatis et quia esse soluta. Deleniti non aut qui delectus corrupti ea. Ut recusandae illum accusamus aut eius neque consequuntur.','2020-09-01 04:11:24','2021-03-04 15:41:58'),(270,'Quia quia aliquam sit. Fugiat assumenda voluptates voluptas molestias autem. Ea veritatis dolor dolorem culpa consectetur officia.','2020-12-04 07:48:01','2021-03-04 15:41:58'),(271,'Omnis impedit est iure id laborum quidem voluptas. Ut vel hic quod. Impedit vitae laboriosam dolores quia quas eaque.','2020-03-20 19:08:52','2020-10-22 22:06:55'),(272,'Veritatis nihil et perspiciatis nostrum accusantium. Aperiam assumenda eum ut dolor nemo. Explicabo omnis in corporis totam reiciendis sunt. Tenetur reiciendis praesentium et minima est tempore.','2020-04-28 14:26:46','2020-07-27 13:10:24'),(273,'Molestias aut saepe alias ut. Labore officiis totam harum eligendi dolorem.','2020-03-05 11:58:50','2020-12-02 08:31:03'),(274,'Non et quis magni voluptates consequatur ratione quas. Magni laudantium doloremque porro nulla cumque. Recusandae facere assumenda recusandae inventore voluptatum.','2020-09-14 15:59:35','2020-09-26 00:16:27'),(275,'Explicabo aut in aut sint. Veritatis id ea consequatur eligendi occaecati quaerat.','2021-03-01 19:49:26','2021-03-04 15:41:58'),(276,'Omnis et harum minus consequuntur. Harum commodi voluptas ad est. Distinctio fuga quam molestiae ab.','2020-06-07 13:45:19','2021-01-06 15:27:12'),(277,'Autem et sed consequatur et minus. Excepturi sint commodi commodi voluptatum sunt. In quas neque vel eligendi ab repudiandae. Fugit consequatur culpa laboriosam nihil error neque sint in.','2020-07-26 12:32:06','2020-11-22 04:29:33'),(278,'Harum hic voluptas assumenda. Eos exercitationem culpa est deleniti suscipit. Sed vitae laborum magni illo autem adipisci consequatur.','2020-06-17 07:43:13','2021-03-04 15:41:58'),(279,'Incidunt odit maxime et sint est rerum eveniet. Ducimus totam id animi earum. Magnam nam rerum et sit vel. Temporibus est quos dolorem.','2020-10-20 12:26:51','2021-03-04 15:41:58'),(280,'Illo repudiandae porro repellat deserunt cumque. Velit blanditiis quo perspiciatis et omnis reiciendis sit. Itaque voluptatibus debitis animi ullam adipisci.','2020-06-17 03:48:42','2021-02-03 22:13:17'),(281,'Odit eum fuga alias quisquam. Possimus sed eos delectus molestias. Dolorum sed labore ab.\nAut facere eaque natus est tempora. Est excepturi omnis itaque. Maiores autem optio deserunt corporis.','2020-09-20 01:49:31','2021-03-04 15:41:58'),(282,'At qui aut iure incidunt ipsa. Vitae ut et tenetur ipsum sint. Officiis sequi illo dolor vel quasi iusto soluta suscipit.','2021-01-10 17:56:11','2021-03-04 15:41:58'),(283,'Veritatis deleniti sit voluptatem deleniti est harum. Vero vero dolorem sit ea. Dolorum enim praesentium error maiores architecto.','2021-01-30 01:40:33','2021-03-04 15:41:58'),(284,'Repudiandae dolor itaque molestiae quaerat veritatis. Quasi sint sunt quo libero veniam maxime.','2020-12-27 17:41:50','2021-03-04 15:41:58'),(285,'Excepturi neque nihil sit qui cum nesciunt ut. Odit ab id autem neque quibusdam rerum. Accusamus fuga aliquam ut ut dignissimos doloribus qui.','2020-03-10 21:01:16','2020-10-19 13:54:37'),(286,'Rerum adipisci enim ea omnis et. Esse eaque amet tempore et quam ullam. Enim veniam ea qui. Facilis provident eum est minus tempore repellendus officia.','2020-10-02 07:22:21','2021-03-04 15:41:58'),(287,'Voluptas quia nostrum vel eos. Voluptas odit adipisci dolor blanditiis repellendus aliquid. Fuga eum cum illum explicabo aut tempore.','2020-11-19 15:00:42','2021-02-08 13:48:48'),(288,'Enim aut vel ut. Enim eum laborum quia numquam. Eveniet reiciendis numquam et iste culpa perferendis officia. Officiis ducimus nobis dignissimos et quisquam eum et voluptas.','2021-02-20 06:26:34','2021-03-04 15:41:58'),(289,'Est molestias exercitationem doloremque nihil dolor explicabo. Velit dolore mollitia quod ut. Laudantium et voluptatem quo saepe deleniti velit numquam. Itaque quia id placeat voluptas et qui veniam.','2020-09-19 00:40:38','2020-10-29 12:57:41'),(290,'Est eius est velit. Voluptatem rerum voluptas ut error.','2020-04-05 01:57:49','2021-02-02 14:57:21'),(291,'Aut in inventore iure eius. Fugiat et cumque reprehenderit rem explicabo temporibus. Enim eos id est vero. Non in rerum velit eius.','2020-09-25 19:10:03','2020-09-30 17:07:40'),(292,'Qui tempora molestias occaecati. Id quae quae nihil qui rem. Quae sapiente qui ullam nemo rem quo omnis. Ut nihil minima ipsam dolorum et ad laudantium.','2020-12-18 13:53:32','2021-01-29 03:21:29'),(293,'Quia totam odit recusandae rerum est. Pariatur quasi doloribus non id eveniet. Eos maxime dolorem laudantium illo et suscipit. Sunt atque corporis facilis consequatur voluptates et.','2020-09-29 21:18:44','2021-03-04 15:41:58'),(294,'Officiis esse error omnis est voluptatem. Dignissimos tenetur voluptas et repellat. At possimus maiores commodi veritatis dolore voluptas reprehenderit quia.','2020-07-31 20:35:51','2020-09-02 17:59:40'),(295,'Debitis quia impedit rerum aliquid sed optio. Nemo sed minus praesentium est. Culpa facere qui voluptatem.','2020-09-10 08:16:40','2020-11-17 07:57:39'),(296,'Consequatur aliquid voluptas molestiae. Neque quis rerum optio dolorem vel totam ea. Quo sit qui at ipsum. Quia enim occaecati exercitationem consequatur recusandae accusamus incidunt.','2020-12-02 17:58:06','2021-03-04 15:41:58'),(297,'Dolor sunt veritatis aut et reiciendis aperiam. Id sit est voluptas. Velit placeat modi sint quia.','2020-12-26 14:23:24','2021-03-04 15:41:58'),(298,'Qui et ea est. Non labore quis est recusandae. Et perspiciatis pariatur accusamus et fuga vel fuga. Eos consequatur dolores delectus eaque aspernatur voluptatem consectetur.','2020-04-21 10:55:02','2020-06-20 03:25:28'),(299,'Sed nesciunt ex voluptatum reiciendis vitae. Eaque harum doloribus soluta vero accusamus. Aut ut omnis aut qui et. Aut rem adipisci nobis perspiciatis.','2020-11-17 09:39:23','2021-03-04 15:41:58'),(300,'Totam error in ipsam perferendis aut delectus sit. Fugiat sint porro laborum tenetur. Nemo velit non delectus cum at animi.','2020-09-10 20:12:16','2021-03-04 15:41:58'),(301,'Quidem officia consectetur corrupti iure sit. Facere magni dolorum explicabo maiores recusandae. Molestiae incidunt nisi enim odit fugit quia.','2021-01-05 10:00:30','2021-03-04 15:41:58'),(302,'Praesentium perferendis nesciunt ut placeat enim architecto. Fugit voluptatem eius occaecati perspiciatis dignissimos est maxime. Pariatur ad ea dolor vel est labore.','2020-06-20 04:56:20','2020-11-18 11:02:47'),(303,'Molestias voluptatem sit molestiae dolorem. Exercitationem alias similique omnis expedita et. Culpa eius facilis quaerat ut aut alias delectus. Dolorem nemo omnis animi iste.','2020-06-03 13:29:46','2020-11-12 10:42:54'),(304,'Hic repellendus velit eum corrupti amet. Vero incidunt libero et praesentium quod delectus. Perspiciatis tempora aliquam ut vel velit consequatur dolorem quidem.','2020-09-12 08:08:11','2021-02-26 09:51:41'),(305,'Fuga magnam blanditiis autem ratione omnis iste et. Commodi ut ducimus voluptas aspernatur.','2020-10-31 11:15:21','2021-03-04 15:41:58'),(306,'Explicabo et illum cum porro quisquam. Aut voluptas ut aut nobis repudiandae voluptatibus. Dolorum sed aspernatur ea vel quia expedita earum sit.','2021-01-04 19:53:07','2021-03-04 15:41:58'),(307,'Et iusto rem quia aliquam asperiores nemo. Omnis explicabo consectetur quibusdam dignissimos omnis quia dolorem.','2021-02-11 13:30:01','2021-03-04 15:41:58'),(308,'Nemo eum commodi distinctio. Ut quia repudiandae magni. Rerum harum vel sunt neque. Enim et temporibus et eveniet dicta reprehenderit.','2020-09-26 03:34:03','2021-02-25 01:38:39'),(309,'Nesciunt doloremque suscipit asperiores quo voluptates soluta. Id commodi quisquam adipisci qui. Illum illo ut ipsum et impedit ut optio ducimus. Nihil quisquam voluptatibus consequatur.','2020-05-29 08:00:31','2020-12-28 11:50:11'),(310,'Omnis et eligendi rerum architecto. Ipsa corrupti unde at consectetur porro temporibus quos qui. Voluptatum omnis officia officiis veniam.','2020-03-18 07:15:14','2020-04-21 09:43:24'),(311,'Tenetur cupiditate qui alias hic inventore. Facere fugiat eaque cum enim iure aut. Minima perspiciatis corporis animi rerum.','2020-07-09 09:15:55','2020-12-17 17:59:35'),(312,'Quia vel deserunt qui. Voluptates accusamus voluptate blanditiis ipsam molestias. Culpa totam quae architecto necessitatibus non vero esse.','2020-08-23 14:07:16','2021-03-04 15:41:58'),(313,'Qui eligendi et quis sunt asperiores. Aut dolores qui aperiam voluptate. Ea libero facere perspiciatis et consectetur laudantium. Autem consequuntur quisquam et deleniti.','2020-04-10 11:55:39','2021-01-12 08:29:26'),(314,'Velit velit et et. Harum minus necessitatibus id impedit voluptatem molestiae. Commodi similique et sed et excepturi dolore rerum quia. Quod sunt quis voluptatem magnam sed et nostrum.','2020-12-18 21:43:28','2021-03-04 15:41:58'),(315,'Culpa ut repellendus voluptates dolores sequi nostrum. Autem consequatur fuga illo enim. Qui doloribus rerum a sapiente soluta. Nihil sint pariatur voluptatem optio consectetur et non.','2020-08-16 13:45:14','2021-03-04 15:41:58'),(316,'Qui quis deserunt ipsam. Sunt doloremque sunt praesentium blanditiis vitae. Dicta libero non dignissimos id tempora quis nulla tenetur. Ut ipsum quibusdam consequatur officia.','2020-10-14 08:50:15','2021-03-04 15:41:58'),(317,'Cum est itaque sit alias odit. Cumque fugit velit placeat illum.\nEum quia molestiae earum. Expedita qui ipsum veritatis nisi. Qui tenetur reiciendis culpa eaque voluptas.','2020-05-21 15:33:48','2021-03-04 15:41:58'),(318,'Minus odio est vitae aut numquam. Dolores praesentium amet enim. Quia in labore quae magnam. Ipsa facilis cupiditate est vel amet perspiciatis ea eos.','2020-04-17 01:08:48','2021-03-04 15:41:58'),(319,'Qui nisi deleniti magnam qui quis. Ea a labore explicabo rerum.','2020-10-31 08:11:35','2021-03-04 15:41:58'),(320,'Vero dignissimos non quis cumque. Unde eius incidunt enim nisi reiciendis et cupiditate. Voluptates itaque iste perspiciatis labore omnis quidem.','2020-11-01 22:50:18','2020-12-09 10:19:59'),(321,'Dolore laudantium temporibus cumque. Tempora explicabo voluptatem quis ducimus voluptatem. Repellat sed nobis quas temporibus sed fugit.','2021-01-24 20:46:19','2021-03-04 15:41:58'),(322,'Tenetur magnam atque eveniet doloremque accusamus et. Voluptatum velit placeat quas quaerat beatae et numquam. Molestiae blanditiis aspernatur nihil.','2020-07-12 19:35:13','2021-03-04 15:41:58'),(323,'Quo saepe occaecati numquam nisi. Eum nulla voluptas nostrum nisi rerum.','2020-03-08 14:14:37','2020-04-05 17:12:03'),(324,'Molestias molestiae voluptas eum eos animi aliquam distinctio veniam. Sit est iure temporibus quod.','2020-12-31 16:30:19','2021-03-04 15:41:58'),(325,'Magnam ut aut nostrum soluta et perspiciatis. Ullam odit suscipit odio sapiente quis. Dolores consequatur deleniti ut sequi voluptatem optio.','2020-11-07 10:56:32','2021-01-27 06:59:20'),(326,'Labore ut sed totam architecto. Quisquam veniam possimus atque recusandae et laborum eos perferendis. Doloribus repudiandae quaerat maiores sapiente.','2020-10-07 20:03:12','2020-11-10 09:55:17'),(327,'Placeat repudiandae aut nostrum accusamus. Odio ipsum distinctio iste qui molestiae laboriosam eius. Dicta alias qui illo perspiciatis ut in.','2020-12-06 18:06:35','2021-03-04 15:41:58'),(328,'Quod libero dicta consequatur dolores unde. Rerum rerum est labore velit ut et occaecati.','2020-10-10 14:31:34','2020-12-08 17:07:32'),(329,'Assumenda earum quo et ab eos. Perspiciatis nihil cumque recusandae possimus. Labore minus repellendus aperiam sed laborum molestias.','2020-11-23 00:23:47','2021-03-04 15:41:58'),(330,'Suscipit sequi non dolore hic deleniti minus tempora. Voluptatem omnis quidem et similique dolor explicabo ut consequatur. Voluptatum et et excepturi consectetur qui ipsum quidem.','2020-06-22 16:24:53','2020-09-27 17:14:55'),(331,'Autem veniam id nihil. Qui accusamus rerum et odit magnam.\nPlaceat omnis ea sapiente quae ullam. Error voluptas libero ipsam ratione vitae.','2020-04-14 19:33:10','2021-01-04 05:08:38'),(332,'Saepe est et consequatur minus est impedit ipsum voluptas. Unde modi sed cum assumenda cum earum quod. Eligendi ipsam natus quis quos.','2020-03-21 19:53:17','2021-01-11 21:56:11'),(333,'Molestiae corrupti modi provident consectetur natus. Quaerat quisquam tenetur consequatur quis. Delectus maxime laborum voluptates nulla ut voluptatem doloremque. Qui aut quia quam vel.','2020-06-14 20:01:27','2021-02-08 23:05:08'),(334,'Aut iste optio ut velit. Non corrupti quia eum vel molestiae qui cum ut. Laboriosam et dignissimos sunt eveniet cum esse sint. Quia odio ducimus in reiciendis dolor adipisci.','2020-12-15 02:08:00','2021-03-04 15:41:58'),(335,'Reiciendis non laborum quis et nostrum. Laboriosam ratione modi ab sed deserunt. Quod alias id excepturi id ex officia.','2020-07-17 08:21:08','2021-03-04 15:41:58'),(336,'Eligendi reprehenderit repellat omnis. Soluta et perspiciatis asperiores non qui cumque. Quidem eum voluptas est.','2020-08-20 00:55:58','2020-11-25 00:14:22'),(337,'Veritatis nam magnam quod molestiae maxime. Repellat sit quo eveniet molestias.','2020-12-17 01:07:40','2021-03-04 15:41:58'),(338,'Aut sint numquam accusamus voluptatibus et perferendis. Sint esse quisquam dignissimos quo sit.','2020-08-22 07:42:44','2021-03-04 15:41:58'),(339,'Et et voluptatem fugiat voluptatum. Quod atque ducimus maiores laborum. Quia fugit neque officiis voluptas excepturi ratione.','2020-03-05 15:27:39','2020-03-13 21:29:45'),(340,'In assumenda veritatis libero aut corrupti ut. Sed in velit aut. Voluptas earum at accusamus esse.','2020-12-12 05:24:28','2021-03-04 15:41:58'),(341,'Vel quas a omnis voluptatem. Repellendus esse et corporis aut.','2020-09-11 20:28:16','2021-01-23 14:38:59'),(342,'Ipsam eos optio ex quia quas eos. Dicta voluptatem laborum ut sunt sit eum asperiores. Officiis et nemo error.','2020-05-09 22:08:49','2021-01-11 19:31:30'),(343,'Sit officiis aut ipsam id et. Aliquid impedit ipsam non enim odio adipisci dolorem magni. Ut necessitatibus sit veritatis. Voluptatem adipisci dolor nobis ad quia non autem assumenda.','2020-07-12 21:04:06','2020-09-07 22:02:07'),(344,'Sit at aliquid perspiciatis quia ab delectus quo pariatur. Nihil labore rerum non et. Voluptate quidem commodi laborum aperiam eaque. Ipsam libero cum veniam est.','2020-10-04 14:00:37','2021-03-04 15:41:58'),(345,'Quia aut sunt eos porro quisquam eius ut debitis. Consequatur vel sed hic tempora beatae quia ut est. Magni recusandae natus et et.','2020-11-28 19:04:40','2021-01-15 02:54:22'),(346,'Ipsam itaque deserunt iste ducimus dolore. Deserunt quos quam optio illo eum earum ut. Aperiam a quisquam pariatur sed nihil laboriosam. Veritatis sit unde placeat nemo.','2020-10-17 09:19:32','2021-03-04 15:41:58'),(347,'Quis libero non nihil. Accusamus nihil totam perspiciatis quaerat soluta. Voluptates facilis sit dolorem aliquid corporis vitae enim voluptatibus. Illum tempora doloremque dolore sint dolorem ad.','2020-10-08 07:58:31','2021-03-04 15:41:58'),(348,'Minus consequatur nam repellat accusantium. Nihil ipsam est omnis corrupti. Accusantium nihil in et illo facere sapiente. Dolorem velit laudantium rem est eveniet.','2020-04-23 07:24:41','2020-08-30 18:33:49'),(349,'Qui rerum non quas consequatur quae labore aliquid. Est fugit illum itaque accusantium voluptatem et. Omnis animi voluptates provident modi accusamus. Vel expedita ipsum est vero exercitationem qui.','2020-03-27 02:01:17','2020-09-11 11:28:14'),(350,'In consequatur excepturi perspiciatis. Molestiae et aspernatur vero maiores ut.','2020-12-01 22:20:06','2021-03-04 15:41:58'),(351,'Doloribus sequi quibusdam ea in et et. Sed modi eos voluptatem omnis. Quasi optio ex magni deserunt quo similique quaerat. Suscipit cumque perferendis perferendis labore id.','2020-03-28 19:28:05','2021-02-27 02:56:08'),(352,'In a molestiae nisi quia consequatur. Eum qui nemo debitis et non commodi in. Qui blanditiis recusandae architecto animi magni quasi modi voluptatibus. Voluptates unde corporis et doloribus.','2020-11-10 01:58:03','2021-03-04 15:41:58'),(353,'Incidunt et facilis nihil assumenda. Doloremque numquam consequatur id quia impedit qui molestiae quam. Dolores hic soluta assumenda dolore est doloribus velit.','2020-06-09 09:22:08','2021-03-04 15:41:58'),(354,'Mollitia assumenda placeat eius. Numquam magni provident delectus ut iste. Cupiditate consequuntur cum quia iste dolor itaque error animi.','2020-05-20 02:08:09','2020-11-26 23:35:28'),(355,'Ducimus et amet dolorem incidunt cum. Qui quia ut sit culpa sed explicabo. Neque voluptatem sit sit. Occaecati assumenda voluptatem temporibus repellendus laborum enim atque.','2020-05-01 06:14:33','2020-05-15 03:31:07'),(356,'Rerum odit ut iste. Iure culpa enim ipsum aperiam inventore. Aliquam soluta natus dolorum aut eligendi quo. Omnis aliquid unde doloremque mollitia.','2020-11-22 19:36:56','2021-03-01 04:18:46'),(357,'Exercitationem omnis id inventore sunt tempora consectetur laborum. Ex minima harum autem sit. Officia itaque facilis aut.','2020-12-29 05:32:07','2021-03-04 15:41:58'),(358,'Doloribus et aut sunt velit quas accusantium fuga. Ut optio illum voluptatem quibusdam quaerat magni. Quidem ipsam ut possimus rerum cumque sunt perspiciatis.','2021-01-16 01:28:38','2021-03-04 15:41:58'),(359,'Voluptatem qui saepe consequatur nam. Perferendis et ex magnam et aut. Minima minima illo ducimus id et et odit sit. Deserunt impedit voluptatem nulla culpa reiciendis est.','2021-03-02 23:57:31','2021-03-04 15:41:58'),(360,'Perferendis inventore possimus aut repellendus. Perspiciatis accusantium odio quam et. Autem deleniti iusto ut ad ea. Eum facere laborum ex quae quis ut.','2021-01-09 16:42:56','2021-03-04 15:41:58'),(361,'Magnam voluptas molestiae quasi excepturi eos labore debitis. Modi corrupti ipsam sapiente ea atque. Et provident aliquid molestiae enim harum.','2021-01-12 18:43:22','2021-03-04 15:41:58'),(362,'Explicabo facilis sequi totam neque dolores dolor. Recusandae labore repellat molestiae maxime ut distinctio.','2020-05-07 03:22:03','2021-01-02 17:35:13'),(363,'Odit voluptate vel quisquam quibusdam minus qui aliquam. Repellendus voluptatem impedit minus architecto commodi sit. Temporibus iste blanditiis necessitatibus et.','2020-08-21 00:52:34','2021-03-04 15:41:58'),(364,'Accusantium ex qui quam aut quas quia est. Omnis debitis repudiandae nihil aut. Reiciendis nostrum assumenda facilis ut dolore aut doloribus.','2020-08-24 07:10:35','2021-03-04 15:41:58'),(365,'Nesciunt est sed sed consequatur voluptatum. Impedit vel molestiae velit. Iure amet voluptas minima tempora voluptatum voluptates sed.','2020-11-10 14:14:22','2021-03-04 15:41:58'),(366,'Iusto quis fuga ut in. Dolor eum sint officia voluptas illum sed. Consequuntur aperiam consequuntur tempore voluptatem deserunt ut qui. Minima aut iste soluta.','2020-05-22 12:37:56','2020-08-18 22:58:39'),(367,'Nam ut consequatur adipisci nulla dolorem et. Dolor quas qui veniam omnis vel eos. Est nemo consequuntur harum qui sed laborum alias.','2021-01-28 20:17:46','2021-03-04 15:41:58'),(368,'Id quos quibusdam rerum quaerat. Ut omnis aliquam aut modi iusto.','2021-01-10 17:33:59','2021-03-04 15:41:58'),(369,'Nesciunt nihil maxime eius autem. Ab veritatis tempora architecto quia in et omnis. Aut debitis repudiandae quae alias excepturi.','2020-12-12 04:13:21','2021-03-04 15:41:58'),(370,'Eligendi eligendi et et quo autem perferendis. Assumenda quia occaecati facere illum sed debitis.','2021-01-25 08:06:49','2021-03-04 15:41:58'),(371,'Minima qui accusamus perferendis eos. Ut laudantium illum fugiat accusamus. Placeat et quaerat voluptas suscipit et sed commodi. Expedita nesciunt veritatis voluptatem.','2020-07-08 09:19:53','2020-11-20 07:48:03'),(372,'Excepturi cumque voluptas rem repellendus laudantium aut iure eius. Quae rerum consequatur et omnis veniam rerum quam. Modi aperiam quo molestias corrupti.','2020-10-13 14:59:13','2021-03-04 15:41:58'),(373,'Porro voluptatibus et eaque rerum. Cupiditate nesciunt est ex pariatur consectetur quam. Aut officia voluptates omnis eum est est autem. Nulla ut voluptatem quo dolores corporis id.','2020-07-25 15:04:59','2021-02-22 11:36:13'),(374,'At impedit esse quo aliquid magnam ipsam. Voluptas nam harum molestiae omnis in temporibus facilis quas. Voluptas ea eligendi voluptate est laboriosam exercitationem sed.','2020-05-26 06:04:08','2020-09-21 04:51:15'),(375,'Perspiciatis voluptatem qui adipisci architecto voluptatum sit. Nihil et et qui blanditiis.\nQui quasi velit consequatur quam et et. Et vero est asperiores nostrum provident ut.','2020-10-21 18:20:21','2021-03-04 15:41:58'),(376,'Iure expedita quidem nihil provident illo pariatur inventore. Dolorum dolore quod illum et ut est omnis. In quia saepe non possimus omnis non. Deleniti occaecati distinctio voluptatem.','2020-07-19 03:53:17','2020-12-28 16:27:03'),(377,'Rerum soluta cumque cupiditate sit sint sint odit. Nulla velit temporibus modi voluptas. Minus vel vel omnis quo enim dolorem. Corrupti atque iste deserunt recusandae.','2020-08-08 21:41:14','2020-09-09 18:44:28'),(378,'Expedita aperiam occaecati culpa corrupti magni. Non maiores eveniet illo quos cupiditate. Ea mollitia nihil omnis dolore sint et.','2020-04-28 14:55:43','2021-01-07 13:55:36'),(379,'Dolorem unde iusto voluptates excepturi. Ut quod dignissimos voluptatem quos exercitationem molestiae.','2020-09-28 21:26:51','2021-03-04 15:41:58'),(380,'Vitae alias qui occaecati laborum et. Doloribus harum voluptatem qui facilis adipisci qui. Maxime sequi sit consequatur porro. Consequatur libero aut qui aliquid ut doloremque numquam voluptates.','2020-05-04 05:41:17','2021-02-17 10:08:59'),(381,'Qui ullam quas consequatur repellat odit incidunt necessitatibus. Dolore reprehenderit accusamus nobis sequi ipsa velit voluptate. Dolores velit error quis. Ut unde ex necessitatibus a mollitia et.','2021-01-11 04:56:39','2021-02-13 09:46:57'),(382,'Consequatur omnis tempora temporibus eveniet. Cupiditate est porro fuga necessitatibus. Consequuntur rem enim quibusdam voluptas et impedit voluptas.','2020-10-04 00:22:13','2021-01-18 12:07:42'),(383,'Necessitatibus fuga veniam in odit quo. Sunt deleniti earum odio voluptates similique neque facilis. Numquam et excepturi aut ad quibusdam.','2020-08-14 12:45:20','2020-11-15 13:05:41'),(384,'Dolores quia atque qui qui laborum ea voluptas. Quis itaque architecto et sed culpa dolorem. Quo voluptas ducimus occaecati animi voluptatibus aut.','2020-09-22 14:21:32','2021-03-04 15:41:58'),(385,'In ad corporis qui vel et quis nobis. Rerum ipsam harum laborum. Ut quo repudiandae odio aut incidunt eligendi. Voluptatem ea consequatur neque est.','2020-09-13 15:25:41','2021-03-04 15:41:58'),(386,'Earum illo accusamus quae in nulla dolor. Velit dignissimos et labore consequatur. Illum quam voluptatem eum aspernatur sed accusamus.','2020-12-25 04:45:05','2021-03-04 15:41:58'),(387,'Qui voluptatem aspernatur doloribus quaerat modi placeat autem autem. Eligendi et voluptate quia non distinctio.','2020-06-06 05:45:21','2020-12-24 03:06:51'),(388,'Eveniet fugiat alias corrupti voluptas et aut. Accusantium est minima voluptas eos dicta enim molestias. Unde et iusto mollitia ipsam aut. Quam in deleniti aut culpa unde veritatis et.','2020-11-14 02:53:28','2021-03-04 15:41:58'),(389,'Sint molestias dolorem minima repellat rerum perspiciatis quo. Recusandae ea porro sed iure et. Reiciendis enim accusamus veniam libero. Quia necessitatibus sit asperiores officiis.','2020-06-23 12:31:51','2020-11-10 08:49:56'),(390,'Repudiandae et vel quas porro. Facere iste et quis odio quas omnis. Esse facilis nobis optio modi iste.\nConsequatur tenetur et delectus a debitis fugit atque. Ducimus beatae provident assumenda.','2020-09-29 03:41:13','2020-11-30 15:49:44'),(391,'Magni qui officia est et saepe vel ad. Eius labore quia fugit accusamus ducimus modi voluptate. Deserunt sint dolor vel alias magni iure quo. Ut minima non rerum sit vitae odio odio.','2020-03-10 11:19:33','2020-11-08 15:42:51'),(392,'Et et non ut ipsa unde voluptatum distinctio. Dolor voluptatem cupiditate molestiae. Beatae dolorem sit enim aspernatur eum. Voluptas laudantium rem porro quo modi atque.','2020-10-09 14:33:59','2021-03-04 15:41:58'),(393,'Reprehenderit voluptatem aliquam corrupti nobis vel. Ea non iure excepturi modi ea. Maiores distinctio aut vel corporis eius et blanditiis. Velit excepturi nostrum autem.','2020-11-04 10:13:09','2021-03-04 15:41:58'),(394,'Ut qui itaque perspiciatis quam. Perspiciatis quis nulla perspiciatis nesciunt dolorem. Qui unde non at unde impedit. Numquam voluptatem distinctio dolore voluptatibus nulla.','2021-01-15 00:14:17','2021-02-12 08:59:07'),(395,'Recusandae sint et molestias et. Ab id pariatur voluptatem voluptatem aut. Unde sed ducimus quia quam. Quis est repellendus accusamus molestiae.','2020-09-30 09:06:06','2021-03-04 15:41:58'),(396,'Id voluptas asperiores quis. Et doloremque soluta dolorem sed. Velit dignissimos et distinctio est itaque quaerat pariatur.','2021-02-08 12:47:24','2021-03-04 15:41:58'),(397,'Unde ratione eos commodi laudantium enim in alias alias. Voluptatem occaecati officia et quo.','2020-03-15 23:41:44','2021-01-28 18:42:19'),(398,'Dignissimos nemo et occaecati qui. Cumque ea doloribus aliquid ex voluptas.','2020-09-13 09:58:20','2021-03-04 15:41:58'),(399,'Non est eos praesentium. Maxime aut consectetur magni quasi ut quasi atque eius. Necessitatibus illum blanditiis illo perferendis voluptatem. Est non deserunt nihil.','2020-08-30 00:27:57','2020-12-25 02:36:35'),(400,'Enim totam velit eligendi corporis maiores laudantium. Nihil est odio ut et expedita omnis. Maiores qui illum reprehenderit consequatur. Iure ex alias recusandae quam praesentium.','2020-12-03 10:03:12','2021-03-04 15:41:58'),(401,'Iste nam eaque praesentium eos blanditiis. Sit provident enim unde maiores iusto quam ea. Quam quod repellat et autem vel. Sit et cum et distinctio.','2020-08-15 12:27:55','2021-03-04 15:41:58'),(402,'Aspernatur earum qui quam. Nam voluptatem quisquam harum nulla excepturi rerum. Perspiciatis excepturi facere commodi nam.','2020-05-12 11:37:59','2021-02-23 15:17:39'),(403,'Ullam expedita laudantium aut voluptate voluptatem et consectetur. Voluptates et inventore corrupti sint. At eos occaecati id aliquid at non. Molestiae earum est quo qui et asperiores.','2020-09-10 02:39:16','2021-03-04 15:41:58'),(404,'Corrupti architecto repudiandae molestias pariatur ut ullam ut ut. Ut dolor dicta quia eligendi porro. Quae architecto sit provident omnis.','2020-09-26 03:38:36','2021-03-04 15:41:58'),(405,'Qui repudiandae fugiat culpa sunt dicta sed. Reprehenderit eum nam rerum consequatur sit et et. Nobis consequatur nulla libero incidunt.','2020-12-12 19:33:07','2021-03-04 15:41:58'),(406,'Omnis voluptatibus praesentium cum. Animi ipsum dicta et velit sit vel. Error modi voluptas nam mollitia.','2020-07-16 18:16:09','2021-03-04 15:41:58'),(407,'Sunt autem iusto et voluptatem hic voluptatem alias nulla. Sit animi natus est est mollitia et. Id id expedita omnis recusandae labore atque mollitia. Odio dolorum voluptates ut id qui.','2020-05-23 09:43:39','2021-03-04 15:41:58'),(408,'Fuga non aut error mollitia numquam voluptates ea. Fugit sequi error atque sed temporibus iusto voluptas. Et asperiores eligendi repellat adipisci. Facilis qui et itaque sint tempora.','2020-11-27 05:05:25','2021-03-01 01:42:53'),(409,'Fuga rerum doloribus laboriosam vel. Maiores voluptatem aspernatur officiis ut illum et. Neque consequuntur aut quo quis at. Odit dolor minus quam quam.','2020-11-29 04:48:40','2021-03-04 15:41:58'),(410,'Soluta corrupti qui deleniti aperiam. Sapiente itaque modi consectetur mollitia. Facere culpa incidunt qui eum officia.','2020-03-30 13:09:35','2020-04-01 19:17:34'),(411,'Accusantium odit harum qui explicabo eos est voluptas. Fugit similique cumque impedit animi ut dolore id. Iure exercitationem vel ea voluptas qui placeat quos.','2020-04-02 08:18:39','2020-10-15 09:26:06'),(412,'Et cumque unde asperiores sunt similique. Eum magnam quos ut qui rerum aliquid. Asperiores rerum libero quidem qui qui similique. Ut perspiciatis odit vel dignissimos sunt.','2020-09-01 02:04:33','2020-11-30 07:10:07'),(413,'Iste voluptatem nulla enim. Perferendis qui officiis dolorem hic qui. Nemo necessitatibus neque ad quasi dolores accusantium aspernatur.','2021-01-04 18:02:13','2021-02-17 23:36:52'),(414,'Fuga ut perferendis ea commodi omnis natus quam cum. Accusantium sapiente quas et molestiae aut rerum quibusdam. Minus error earum iste pariatur. Magni nesciunt numquam nisi.','2020-11-23 17:19:28','2021-03-04 15:41:58'),(415,'Itaque temporibus quibusdam occaecati exercitationem. Autem sint ad officia vero eum unde et. Vel quae eos nostrum.','2020-04-17 04:27:27','2020-07-19 19:54:14'),(416,'Quo reprehenderit similique doloremque repellendus repudiandae optio quia omnis. Quas sed placeat mollitia porro voluptatibus. Odit ea autem dolore neque.','2021-01-19 20:03:28','2021-03-04 15:41:58'),(417,'Debitis excepturi totam deleniti laboriosam facilis. Ea et quis velit rerum consequuntur fugiat. Ut fugiat porro quo asperiores. Impedit omnis et fuga ea quia.','2020-06-14 17:38:57','2020-10-02 18:37:11'),(418,'Ipsum provident veniam accusantium vero cumque dolores dicta qui. Qui consectetur quia omnis doloremque eum explicabo. Dicta tenetur unde quaerat. Rerum labore non eos aut ad.','2020-09-16 05:55:16','2021-03-04 15:41:58'),(419,'Numquam sit quisquam sit sed. Accusamus explicabo autem sit aut cumque repudiandae. Delectus quos voluptas blanditiis aut similique maxime. Quibusdam voluptatum suscipit itaque.','2020-11-06 21:06:15','2021-03-04 15:41:58'),(420,'Quasi nostrum quia nemo delectus ullam. Dolorem maxime rerum hic voluptas nostrum qui. Vel veniam ut accusantium enim sequi distinctio aut.','2020-11-20 19:07:57','2021-03-04 15:41:58'),(421,'Voluptatem et vitae laborum et minus. Iure eum impedit et provident aliquam unde. Natus aut nihil voluptatem quaerat. Odio qui corrupti excepturi eius.','2020-12-12 12:27:26','2021-01-07 12:08:48'),(422,'Ratione quia aut tempore qui minus. Nihil aut nesciunt ut hic illum quia id. Et voluptatem qui quam ut ullam recusandae.','2020-12-26 00:47:40','2021-03-04 15:41:58'),(423,'Autem vero excepturi itaque. Cumque porro nemo et ipsa iure. Est esse aut magnam dolorum. Dolore ad ut doloribus est.','2020-12-03 15:20:37','2021-03-04 15:41:58'),(424,'Dolore quia dolorem culpa. Molestiae non expedita voluptas quisquam. Modi mollitia qui non. Pariatur ea consequatur officia amet magnam laboriosam est.','2020-08-22 15:39:42','2021-03-04 15:41:58'),(425,'Hic aut est optio aut qui exercitationem. Vitae aut explicabo inventore rerum enim. Itaque itaque architecto officia molestias aut in quidem.','2020-11-09 11:07:06','2021-03-04 15:41:58'),(426,'Qui temporibus vitae et molestiae libero. Fugiat totam sapiente rerum alias nostrum. Sint voluptatibus placeat soluta quisquam aliquid. Doloremque enim quasi nam nulla.','2020-08-16 21:59:23','2020-10-25 01:38:59'),(427,'Et beatae quia eaque corporis. Aut nobis alias officiis non rerum impedit. Excepturi doloribus nobis illum vero eos sunt.','2020-06-21 02:40:26','2021-03-04 15:41:58'),(428,'Ut ex et error quod quia. Sit repellendus tempore tempore. Sunt unde autem perspiciatis nostrum eius est est.','2020-07-29 21:38:41','2021-03-04 15:41:58'),(429,'Omnis ut quibusdam rerum. Aspernatur et omnis in nihil aperiam qui. Dolorem et non nostrum autem culpa error et tenetur.','2020-11-26 21:10:00','2020-12-12 00:28:07'),(430,'Et animi illum quisquam ut cupiditate aut iure. Molestiae distinctio commodi ut est enim provident laborum.','2020-11-26 21:36:07','2020-12-20 01:47:57'),(431,'Nobis labore vel temporibus omnis omnis deleniti dignissimos. Earum ut aut aut odit consectetur eos. Alias laborum ab velit. Voluptatem quia voluptatem et ratione eveniet neque.','2020-11-03 11:31:30','2020-12-24 06:16:28'),(432,'Libero illo doloribus doloribus consequatur aperiam est. Saepe harum iusto voluptatem mollitia enim quibusdam. Quia itaque deleniti accusantium eaque.','2020-06-05 13:07:59','2020-11-21 22:59:16'),(433,'Molestiae quidem architecto quaerat dolores id molestiae. Velit et molestiae nemo minima.','2021-01-25 16:51:36','2021-03-04 15:41:58'),(434,'Nesciunt nemo et quis dignissimos. Aspernatur ut ut quis quibusdam aperiam quae. Eum et praesentium necessitatibus deleniti. Enim suscipit nihil aut quas iure.','2020-11-12 15:15:23','2020-12-05 01:40:04'),(435,'Quis rerum nesciunt vel porro voluptas consequatur. Ipsam quod sit nesciunt culpa inventore voluptatibus.\nLabore laboriosam ut ut non. Et omnis quisquam cupiditate. Earum sit ut cupiditate.','2020-10-10 09:58:06','2021-03-04 15:41:58'),(436,'Quis ut pariatur provident sit qui sapiente labore. Cumque aliquam rerum odit occaecati ad deserunt molestias. Maxime consequatur in aperiam voluptas quod nemo quod pariatur.','2020-03-11 07:00:19','2020-03-16 03:16:28'),(437,'Pariatur sunt nam rem debitis in beatae. Quam et doloremque dignissimos. Non magni molestiae placeat soluta inventore excepturi. Distinctio aliquam et quia est harum.','2020-06-28 20:44:51','2020-10-18 10:44:26'),(438,'Quia est eum autem sunt in voluptatem. Sit quod dolor accusamus totam ratione nesciunt. Quibusdam officiis id qui quod.','2021-01-25 19:08:53','2021-03-04 15:41:58'),(439,'Aspernatur officia impedit cumque. Eius voluptatem earum id. Nobis inventore recusandae nam aut officia sit. Nihil iure magni aut magnam temporibus aut ullam.','2020-07-13 23:31:23','2021-02-14 05:26:53'),(440,'Earum possimus quod nemo blanditiis soluta libero accusamus laboriosam. Fugit culpa laudantium officia. Libero dolor optio aspernatur.','2020-04-10 12:50:08','2020-10-10 22:20:19'),(441,'Natus qui labore accusamus porro. Cumque perferendis quo omnis nobis omnis iste quia. Et atque sit tempora omnis.','2021-02-14 13:38:14','2021-02-17 05:15:40'),(442,'Autem ab quis ut. Quis architecto voluptatem aut nihil vel est. Veritatis aut qui dicta omnis. Debitis et autem et dolorum rerum nulla asperiores.','2021-02-20 19:14:06','2021-03-04 15:41:58'),(443,'Modi corrupti occaecati non et animi. Perspiciatis maiores eveniet esse occaecati doloremque possimus consectetur. Commodi maxime at fuga nihil nulla sed omnis.','2020-03-25 02:20:39','2021-01-09 11:21:16'),(444,'Maxime minima minima maxime quo. Blanditiis qui nam veniam aut dolores hic atque nisi. Magnam qui voluptas odio unde quos. Illo ab suscipit aut iste.','2021-02-14 18:12:16','2021-03-04 15:41:58'),(445,'Et consequatur facere at et ipsum odit. Quis iste ut qui tempore placeat. Rerum ipsa inventore et quia officia reiciendis.','2020-08-01 21:24:45','2020-12-13 11:19:54'),(446,'Officiis aut delectus et accusamus magni harum autem. Sunt nostrum beatae eveniet doloribus dolore. Voluptatem eum nihil ex ducimus sed atque veritatis.','2020-04-20 15:25:46','2020-05-25 04:18:33'),(447,'Ad labore deleniti sit voluptas. Ducimus aliquam fugit perspiciatis magnam eum blanditiis omnis. Dolorem modi ut possimus illum hic.','2020-09-30 05:27:03','2021-03-04 15:41:58'),(448,'Modi aperiam nesciunt quibusdam nostrum sapiente. Ut neque tenetur voluptatibus aspernatur sint et.','2020-06-22 20:16:25','2021-03-04 15:41:58'),(449,'Aut laboriosam voluptatem enim et. Modi et et cum dolore sit aperiam quo. Reprehenderit vel impedit provident nihil ut inventore. Exercitationem cumque et ex reiciendis aut qui sit.','2021-02-13 14:10:57','2021-03-04 15:41:58'),(450,'Fugiat eum facere et dicta. Maiores in recusandae necessitatibus perspiciatis. Dolores asperiores et quia iure. Ipsum ratione odio et molestiae incidunt voluptatem at a.','2020-04-28 12:56:56','2020-08-15 01:22:26'),(451,'Non illum consequatur nemo beatae. Dolorem odit qui minus velit. Non quod beatae et maxime nulla. Deleniti officiis odio atque quas.','2020-07-26 01:06:17','2021-03-04 15:41:58'),(452,'Quaerat repellat laudantium qui molestiae vel quae. Et iste deserunt perferendis occaecati. Corporis deserunt omnis laudantium non consequatur omnis.','2020-04-16 13:23:39','2020-12-08 08:06:39'),(453,'Voluptatem saepe in odit reiciendis delectus et. Dolorem rerum voluptatibus tempora sit quod sit. Velit excepturi nesciunt quisquam similique quae quis qui.','2020-07-31 05:13:27','2021-03-04 15:41:58'),(454,'Ex et rem omnis numquam. Adipisci reprehenderit quibusdam sit sed et veritatis. Numquam quod consequatur ut.','2020-10-18 20:20:00','2020-11-19 12:53:56'),(455,'Itaque enim eveniet et est quo. Cupiditate commodi aperiam voluptatum aperiam. Est aspernatur sint ea in illum.','2020-03-27 09:55:29','2020-11-03 10:33:51'),(456,'Ut ut rerum quibusdam dignissimos. Officia omnis hic eaque natus quod. Sint possimus illum et exercitationem odit.\nAsperiores voluptatem consequatur nobis ut maiores tempora. Ea et dolor natus.','2021-01-29 08:50:25','2021-03-04 15:41:58'),(457,'Voluptatem eos laboriosam quia fugit eos. Totam eaque quia veniam molestiae et et vel. Repudiandae excepturi aspernatur blanditiis quisquam.','2020-10-09 02:16:01','2021-03-04 15:41:58'),(458,'Eos ut rerum porro et ut sapiente. Commodi enim ut libero non dolorum voluptas. Dolores reprehenderit aliquam quia quos ducimus voluptatum earum. Deleniti et voluptatem culpa temporibus facilis.','2020-07-12 00:54:04','2021-03-04 15:41:58'),(459,'Laudantium vel incidunt quidem. Et dolores dicta sed et. Quia molestiae vel temporibus voluptas soluta voluptatum voluptatem.','2020-04-26 05:22:43','2020-12-01 23:12:30'),(460,'Excepturi quia quo eius facilis. Fuga et eum dolores et nemo ipsum quam. Quaerat adipisci ullam blanditiis placeat et repudiandae eos fugiat.','2020-09-03 15:05:45','2021-03-04 15:41:58'),(461,'Quod sit iusto pariatur quibusdam. Quo inventore in voluptatum non minima nihil vero. Omnis voluptatem error explicabo dolor. Voluptas odit enim quis earum.','2020-11-13 07:24:33','2021-03-04 15:41:58'),(462,'Consequuntur a occaecati perspiciatis qui eos odio voluptates. Expedita quisquam laboriosam saepe asperiores libero voluptatem et. In minima nihil harum. Minus unde rem ea debitis.','2020-10-04 03:03:13','2020-12-05 06:41:20'),(463,'Velit voluptatem esse veniam est qui. Voluptatem qui autem laboriosam dolor. Consequatur id at autem dolores quibusdam ducimus quo.','2020-12-09 06:22:57','2021-03-04 15:41:58'),(464,'Sit dignissimos reiciendis sunt velit et earum nesciunt. Ut velit dolor et nihil et soluta. Iure voluptas asperiores voluptas dolorem qui magni. Tenetur dolorum est placeat doloremque.','2021-03-03 07:02:34','2021-03-04 15:41:58'),(465,'Soluta maiores magnam consectetur rerum voluptatibus eum autem. Quam commodi saepe occaecati facere nostrum voluptatibus.','2020-08-04 08:26:22','2020-11-05 13:51:00'),(466,'Reiciendis et magni laboriosam unde. Perferendis odit animi natus id neque. Et modi expedita rem cupiditate. Quibusdam amet et sequi voluptate neque omnis qui error.','2020-04-06 14:08:21','2020-11-20 07:40:16'),(467,'Expedita modi qui sequi sint rem. Distinctio repellendus qui quidem eos animi. Ut et consequatur ut aut ut ex.','2020-10-17 17:44:58','2021-01-29 10:25:15'),(468,'Dolor nostrum ipsam ad assumenda. Impedit reiciendis est eum optio quae. Iure nihil vel facilis sed ut qui quia inventore. Sed et voluptatum magnam ab voluptas voluptas.','2020-05-06 09:35:43','2021-03-04 15:41:58'),(469,'Debitis qui nulla occaecati. Quia voluptatem aut quidem ex maxime consequatur. Accusamus eos molestiae et iure sint provident.','2020-11-17 00:18:07','2021-03-04 15:41:58'),(470,'Sit vero ab ex mollitia aliquid rem voluptates ut. Qui quia consequatur sapiente id accusantium sed voluptatum qui. Quia illo nam cupiditate. Corporis expedita rem odio et.','2020-04-16 14:10:35','2021-02-24 15:46:58'),(471,'Mollitia ut omnis aut quia vel. Est sed autem ex harum provident cum. Aliquid ut sit voluptatem velit sed et necessitatibus. Earum aut optio a sint sunt nihil sequi id.','2020-08-16 18:55:18','2021-03-04 15:41:58'),(472,'Ea ea sapiente eaque quis maxime architecto sed quas. Quis molestiae assumenda non voluptas aut. Ipsam soluta quis consequatur perferendis quam voluptas aut. Quas earum ut ipsam at.','2020-07-27 11:33:19','2021-01-13 04:14:25'),(473,'Aut dolorum ullam distinctio id dolorem. Aperiam aliquam iure aut facere excepturi. Dignissimos aliquam velit fugiat nostrum est non sint. Blanditiis qui necessitatibus aut recusandae ipsa.','2020-06-17 14:03:55','2020-09-01 14:55:15'),(474,'Dolor consectetur vero eum aut similique magnam. Fugiat iusto amet enim alias dicta voluptatem. Culpa quas qui molestiae. Eligendi dolor quos ipsum.','2020-03-17 15:35:56','2020-11-18 17:29:16'),(475,'Dolores et non odio voluptas beatae magni ab. Laboriosam in tempore adipisci voluptatem iste et provident quas. Dolorem consequatur sed et ut.','2020-06-26 05:21:08','2021-03-04 15:41:58'),(476,'Nam dolores tenetur architecto consequatur ullam ea ab. Nesciunt blanditiis doloremque quidem. Consequatur et maiores assumenda odio quasi nemo facilis. Maxime quibusdam est non ad.','2020-11-06 18:09:38','2020-12-29 18:27:54'),(477,'Mollitia rerum reiciendis quia sint blanditiis. Optio quidem asperiores deleniti iusto possimus est. Quidem non laborum earum eum dolorem nam dolorum.','2020-07-12 03:02:37','2020-10-28 05:23:02'),(478,'Nam ad occaecati consequuntur placeat. Occaecati sint rerum nihil et libero. Similique est nemo enim rem recusandae perspiciatis magnam consectetur. Ad quod omnis accusantium voluptas.','2020-08-08 19:47:29','2020-11-11 11:39:19'),(479,'Consequuntur eius ipsam et eius. Ullam tenetur quia est quia. Architecto aut ut qui totam.','2020-08-17 02:14:55','2021-03-04 15:41:58'),(480,'Aut est aut et in possimus ea ipsum. Voluptatem veniam repellendus ea facere enim. Aut aut numquam illo dolorum. Aperiam quas odio nihil et.','2021-01-25 11:43:00','2021-03-04 15:41:58'),(481,'Eaque veniam reprehenderit ipsam ipsa deserunt vitae et. Non et ut labore. Enim alias dolore tempore et voluptas eius. Error minima accusantium odio sapiente iste dicta.','2021-01-23 12:48:40','2021-03-04 15:41:58'),(482,'Aut sunt eos quos. Quos adipisci et suscipit ducimus. Ut delectus quo nesciunt debitis ipsam impedit. Consequatur sed rerum ut veniam hic velit est esse.','2020-11-17 21:28:45','2021-03-04 15:41:58'),(483,'Et est rerum vero omnis. Est voluptatibus facilis consequatur et voluptate. In optio sapiente suscipit explicabo enim. Sit tenetur optio nisi voluptatem deleniti atque.','2020-05-25 00:31:12','2021-03-04 15:41:58'),(484,'Possimus minima quia tempora officiis illo sunt illum. Asperiores qui necessitatibus eos voluptatem quos. Molestiae voluptate esse id eius qui iusto sit. Est id rerum non dolor.','2020-07-08 18:52:14','2020-08-27 18:13:31'),(485,'Consequatur rerum quam similique nisi non est. Dolor sint itaque rem velit quis consequatur.','2020-09-16 17:35:15','2021-03-04 15:41:58'),(486,'Explicabo aspernatur id et culpa doloribus. Sunt tempore saepe vero esse ex. Ipsa iusto incidunt ut quis eligendi nihil.','2021-02-05 14:56:11','2021-03-04 15:41:58'),(487,'Rerum architecto architecto eaque qui. Cupiditate consectetur non accusantium eos rerum earum sequi. Consequuntur odio dolorum velit. Asperiores molestiae et fugit consectetur quia nobis aut cumque.','2021-02-02 11:14:12','2021-03-01 19:43:14'),(488,'Aut et non dolore. Aliquam possimus voluptatem eligendi occaecati sunt commodi. Consectetur iste vitae aut.\nSed velit rerum iusto. Reiciendis laboriosam quasi labore est. Beatae quaerat saepe ut.','2020-09-19 10:38:34','2020-11-10 14:08:26'),(489,'Quia ab dolorum blanditiis quo provident sed corporis. Pariatur omnis rerum rerum suscipit error ipsam. Molestiae quo reiciendis expedita harum maxime quaerat minus. Sed id id eveniet pariatur.','2020-03-06 16:32:24','2020-10-10 12:56:07'),(490,'Occaecati sunt sit deleniti dolor. Unde et nihil eos quidem. Culpa ratione sit odio explicabo. Qui provident velit aut aut est.','2020-08-29 18:28:34','2020-09-28 22:30:47'),(491,'Sequi consectetur omnis in dolores dignissimos veritatis. Iusto enim numquam enim amet cupiditate totam quam. Excepturi tempore corrupti corrupti sit voluptatem odit commodi architecto.','2020-03-15 21:12:59','2021-01-31 08:23:42'),(492,'Similique nostrum expedita qui et dolorem voluptatum. Fugit quos voluptatem debitis. Rem repellat et omnis in impedit id. Aut totam consequuntur vero rerum consequatur rerum.','2020-07-04 13:53:31','2021-03-04 15:41:58'),(493,'Aut perferendis accusamus mollitia dolor voluptatibus. Qui quis ut quia occaecati. Similique labore ducimus facere ut quas. Et et suscipit soluta quisquam ut.','2021-01-21 05:19:05','2021-03-04 15:41:58'),(494,'Soluta ut rerum distinctio velit architecto non nisi. Perferendis ea totam ut eligendi cupiditate. Similique architecto et deleniti enim enim quis.','2020-11-26 05:45:51','2021-03-04 15:41:58'),(495,'Tempore quo facilis illum aperiam quo rerum eum. Et eaque quod adipisci. Asperiores itaque provident repudiandae sed vitae quae. Quasi porro quam omnis quis placeat nesciunt.','2020-06-07 16:35:12','2021-02-11 09:08:53'),(496,'Blanditiis ut expedita consequuntur est minus consequatur rerum. Provident facilis ex ratione. In eius consequatur at iure. Qui assumenda non temporibus error.','2020-11-26 15:31:06','2021-03-04 15:41:58'),(497,'Ut et iste porro eaque aperiam. Et qui harum est voluptatem. Voluptatem omnis repellat atque porro praesentium illum. Quia asperiores laborum omnis maxime quibusdam at natus.','2020-06-13 05:55:54','2020-08-03 04:34:53'),(498,'Ab voluptates in ut ipsam. Omnis ut placeat aut ea facilis aliquam. Perspiciatis adipisci dolores vel modi. Aut et nihil nisi natus tempore dignissimos.','2020-04-14 02:49:18','2021-01-08 19:53:15'),(499,'Est voluptas eum aut quasi fuga quo rerum. Qui in corporis corporis soluta nihil et. Id magni et temporibus incidunt.','2020-08-18 14:04:15','2021-03-04 15:41:58'),(500,'Asperiores est perferendis et suscipit deleniti esse expedita. Iusto ea tempore odio dolore. Dolorem repellendus sint numquam dignissimos. Necessitatibus quibusdam et rerum voluptatem.','2020-04-29 06:12:32','2021-01-05 02:07:43');
/*!40000 ALTER TABLE `descriptions` ENABLE KEYS */;
UNLOCK TABLES;

--
-- Table structure for table `discounts`
--

DROP TABLE IF EXISTS `discounts`;
/*!40101 SET @saved_cs_client     = @@character_set_client */;
/*!50503 SET character_set_client = utf8mb4 */;
CREATE TABLE `discounts` (
  `id` int unsigned NOT NULL AUTO_INCREMENT,
  `user_id` int unsigned NOT NULL,
  `product_id` int unsigned NOT NULL,
  `category_id` int unsigned NOT NULL,
  `discount` float unsigned DEFAULT NULL COMMENT '╨Ч╨╜╨░╤З╨╡╨╜╨╕╨╡ ╤Б╨║╨╕╨┤╨║╨╕ ╨╛╤В 0.0 ╨┤╨╛ 1.0',
  `started_at` datetime DEFAULT NULL,
  `finished_at` datetime DEFAULT NULL,
  `created_at` datetime DEFAULT CURRENT_TIMESTAMP,
  `update_at` datetime DEFAULT CURRENT_TIMESTAMP ON UPDATE CURRENT_TIMESTAMP,
  PRIMARY KEY (`id`),
  KEY `discount_user_id_fk` (`user_id`),
  KEY `discount_product_id_fk` (`product_id`),
  KEY `discount_category_id_fk` (`category_id`),
  CONSTRAINT `discount_category_id_fk` FOREIGN KEY (`category_id`) REFERENCES `categories` (`id`) ON DELETE CASCADE,
  CONSTRAINT `discount_product_id_fk` FOREIGN KEY (`product_id`) REFERENCES `products` (`id`) ON DELETE CASCADE,
  CONSTRAINT `discount_user_id_fk` FOREIGN KEY (`user_id`) REFERENCES `users` (`id`) ON DELETE CASCADE
) ENGINE=InnoDB AUTO_INCREMENT=28 DEFAULT CHARSET=utf8mb4 COLLATE=utf8mb4_unicode_ci;
/*!40101 SET character_set_client = @saved_cs_client */;

--
-- Dumping data for table `discounts`
--

LOCK TABLES `discounts` WRITE;
/*!40000 ALTER TABLE `discounts` DISABLE KEYS */;
INSERT INTO `discounts` VALUES (1,62,383,10,0.5,'2020-09-27 07:57:55','2021-03-04 16:26:50','2021-01-22 11:32:03','2021-03-04 16:26:50'),(2,95,36,8,0.1,'2020-07-12 11:22:57','2020-12-04 02:09:37','2020-12-14 00:22:56','2021-03-04 16:25:01'),(3,87,32,3,0.1,'2020-09-20 16:12:27','2021-03-04 16:26:50','2020-08-25 23:30:23','2021-03-09 17:34:24'),(4,48,50,10,0.2,'2020-05-13 14:12:20','2021-03-04 16:26:50','2020-12-19 23:35:59','2021-03-04 16:26:50'),(5,79,155,4,0.9,'2020-10-08 15:20:25','2021-03-04 16:26:50','2020-07-15 02:49:22','2021-03-04 16:26:50'),(6,50,124,9,0.2,'2020-06-22 18:35:03','2021-01-22 13:14:54','2020-09-01 09:25:40','2021-03-04 16:25:01'),(7,13,153,2,0.95,'2020-03-19 09:00:42','2020-11-03 12:36:07','2020-10-16 00:42:06','2021-03-04 16:25:01'),(8,14,396,10,0.15,'2020-08-09 06:12:24','2021-03-04 16:26:50','2020-04-13 23:02:02','2021-03-04 16:26:50'),(9,30,17,5,0.8,'2020-04-11 00:05:48','2020-12-26 03:04:09','2020-12-31 05:26:22','2021-03-04 16:25:01'),(10,7,397,3,0.25,'2020-04-11 20:46:54','2021-03-04 16:26:50','2021-02-21 17:55:27','2021-03-04 16:26:50'),(11,45,435,10,0.1,'2020-05-24 12:41:23','2021-02-04 11:32:48','2020-05-10 23:11:05','2021-03-09 17:34:24'),(12,2,485,2,0.25,'2020-05-08 08:30:33','2020-05-16 09:43:19','2020-11-28 01:27:08','2021-03-04 16:25:01'),(13,76,116,5,0.45,'2021-02-22 12:08:55','2021-03-04 16:26:50','2020-12-12 16:52:36','2021-03-04 16:26:50'),(14,74,127,8,0.1,'2021-03-02 14:48:35','2021-03-04 16:26:50','2020-10-30 13:49:05','2021-03-09 17:34:24'),(15,42,287,3,0.5,'2020-08-14 02:04:18','2021-01-18 08:21:09','2020-11-02 18:58:26','2021-03-04 16:25:01'),(16,89,53,10,0.9,'2020-03-22 03:33:22','2020-06-07 17:08:25','2020-08-12 02:08:15','2021-03-04 16:25:01'),(17,17,402,9,0.25,'2020-07-26 16:36:45','2020-08-03 13:16:46','2020-09-21 02:12:53','2021-03-04 16:25:01'),(18,16,350,1,0.95,'2020-07-19 07:15:18','2021-03-04 16:26:50','2020-08-25 18:19:40','2021-03-04 16:26:50'),(19,28,43,2,0.3,'2021-01-13 05:40:35','2021-03-04 16:26:50','2020-07-06 18:59:50','2021-03-04 16:26:50'),(20,92,164,9,0.5,'2020-04-05 21:19:14','2021-01-05 13:06:14','2020-11-04 17:56:18','2021-03-04 16:25:01');
/*!40000 ALTER TABLE `discounts` ENABLE KEYS */;
UNLOCK TABLES;

--
-- Table structure for table `images`
--

DROP TABLE IF EXISTS `images`;
/*!40101 SET @saved_cs_client     = @@character_set_client */;
/*!50503 SET character_set_client = utf8mb4 */;
CREATE TABLE `images` (
  `product_id` int unsigned NOT NULL,
  `link_to_img` varchar(256) CHARACTER SET utf8mb4 COLLATE utf8mb4_unicode_ci DEFAULT NULL,
  `created_at` datetime DEFAULT CURRENT_TIMESTAMP,
  `update_at` datetime DEFAULT CURRENT_TIMESTAMP ON UPDATE CURRENT_TIMESTAMP,
  PRIMARY KEY (`product_id`),
  KEY `images_link_idx` (`link_to_img`),
  CONSTRAINT `image_user_id_fk` FOREIGN KEY (`product_id`) REFERENCES `products` (`id`) ON DELETE CASCADE
) ENGINE=InnoDB DEFAULT CHARSET=utf8mb4 COLLATE=utf8mb4_unicode_ci;
/*!40101 SET character_set_client = @saved_cs_client */;

--
-- Dumping data for table `images`
--

LOCK TABLES `images` WRITE;
/*!40000 ALTER TABLE `images` DISABLE KEYS */;
INSERT INTO `images` VALUES (1,'https://www.dropbox.com/s/qzx5i5lgeg47ds8/ring-5.jpg?dl=0','2020-05-22 17:45:42','2021-03-09 11:14:08'),(2,'https://www.dropbox.com/s/qv9qak9txenga0v/ring-6.jpg?dl=0','2021-01-06 10:55:13','2021-03-09 11:14:08'),(3,'https://www.dropbox.com/s/2c9qtb5b6lixgbl/ring.jpg?dl=0','2020-05-23 10:38:28','2021-03-09 11:14:08'),(4,'https://www.dropbox.com/s/qv9qak9txenga0v/ring-6.jpg?dl=0','2020-06-25 00:56:15','2021-03-09 11:14:08'),(5,'https://www.dropbox.com/s/2c9qtb5b6lixgbl/ring.jpg?dl=0','2020-05-26 09:56:15','2021-03-09 11:14:08'),(6,'https://www.dropbox.com/s/nh3dnujt8l6fre7/ring-1.jpg?dl=0','2020-08-19 23:21:29','2021-03-09 11:14:08'),(7,'https://www.dropbox.com/s/2c9qtb5b6lixgbl/ring.jpg?dl=0','2020-03-19 16:07:10','2021-03-09 11:14:08'),(8,'https://www.dropbox.com/s/h43v8uaygdv7h0h/ring-2.jpg?dl=0','2020-07-02 07:20:13','2021-03-09 11:14:08'),(9,'https://www.dropbox.com/s/nh3dnujt8l6fre7/ring-1.jpg?dl=0','2020-12-15 05:41:51','2021-03-09 11:14:08'),(10,'https://www.dropbox.com/s/h43v8uaygdv7h0h/ring-2.jpg?dl=0','2020-09-26 07:09:11','2021-03-09 11:14:08'),(11,'https://www.dropbox.com/s/h43v8uaygdv7h0h/ring-2.jpg?dl=0','2020-09-15 07:03:34','2021-03-09 11:14:08'),(12,'https://www.dropbox.com/s/2c9qtb5b6lixgbl/ring.jpg?dl=0','2021-02-18 00:15:14','2021-03-09 11:14:08'),(13,'https://www.dropbox.com/s/4oq3tqk1c3nkq97/ring-3.jpg?dl=0','2020-05-17 18:41:10','2021-03-09 11:14:08'),(14,'https://www.dropbox.com/s/qv9qak9txenga0v/ring-6.jpg?dl=0','2020-04-25 18:51:57','2021-03-09 11:14:08'),(15,'https://www.dropbox.com/s/h43v8uaygdv7h0h/ring-2.jpg?dl=0','2020-03-11 20:31:54','2021-03-09 11:14:08'),(16,'https://www.dropbox.com/s/qv9qak9txenga0v/ring-6.jpg?dl=0','2020-05-30 04:46:01','2021-03-09 11:14:08'),(17,'https://www.dropbox.com/s/qzx5i5lgeg47ds8/ring-5.jpg?dl=0','2020-09-10 15:21:26','2021-03-09 11:14:08'),(18,'https://www.dropbox.com/s/2c9qtb5b6lixgbl/ring.jpg?dl=0','2020-04-30 01:11:25','2021-03-09 11:14:08'),(19,'https://www.dropbox.com/s/qv9qak9txenga0v/ring-6.jpg?dl=0','2021-03-03 02:26:10','2021-03-09 11:14:08'),(20,'https://www.dropbox.com/s/h43v8uaygdv7h0h/ring-2.jpg?dl=0','2020-05-12 05:57:30','2021-03-09 11:14:08'),(21,'https://www.dropbox.com/s/4oq3tqk1c3nkq97/ring-3.jpg?dl=0','2020-12-18 05:18:20','2021-03-09 11:14:08'),(22,'https://www.dropbox.com/s/qzx5i5lgeg47ds8/ring-5.jpg?dl=0','2020-11-29 21:45:23','2021-03-09 11:14:08'),(23,'https://www.dropbox.com/s/h43v8uaygdv7h0h/ring-2.jpg?dl=0','2020-12-11 06:09:33','2021-03-09 11:14:08'),(24,'https://www.dropbox.com/s/hwzh2cmo7o8fx1o/ring-4.jpg?dl=0','2021-02-02 22:00:53','2021-03-09 11:14:08'),(25,'https://www.dropbox.com/s/4oq3tqk1c3nkq97/ring-3.jpg?dl=0','2021-01-17 01:10:36','2021-03-09 11:14:08'),(26,'https://www.dropbox.com/s/4oq3tqk1c3nkq97/ring-3.jpg?dl=0','2020-09-24 12:18:31','2021-03-09 11:14:08'),(27,'https://www.dropbox.com/s/h43v8uaygdv7h0h/ring-2.jpg?dl=0','2020-12-26 07:43:07','2021-03-09 11:14:08'),(28,'https://www.dropbox.com/s/2c9qtb5b6lixgbl/ring.jpg?dl=0','2020-05-31 14:15:21','2021-03-09 11:14:08'),(29,'https://www.dropbox.com/s/5pdfgrro253r8x9/ring-7.jpg?dl=0','2020-08-12 21:01:08','2021-03-09 11:14:08'),(30,'https://www.dropbox.com/s/5pdfgrro253r8x9/ring-7.jpg?dl=0','2021-01-08 02:33:16','2021-03-09 11:14:08'),(31,'https://www.dropbox.com/s/nh3dnujt8l6fre7/ring-1.jpg?dl=0','2020-08-26 11:26:25','2021-03-09 11:14:08'),(32,'https://www.dropbox.com/s/nh3dnujt8l6fre7/ring-1.jpg?dl=0','2020-03-27 10:49:01','2021-03-09 11:14:08'),(33,'https://www.dropbox.com/s/4oq3tqk1c3nkq97/ring-3.jpg?dl=0','2020-06-16 00:07:28','2021-03-09 11:14:08'),(34,'https://www.dropbox.com/s/qzx5i5lgeg47ds8/ring-5.jpg?dl=0','2020-11-23 12:15:57','2021-03-09 11:14:08'),(35,'https://www.dropbox.com/s/4oq3tqk1c3nkq97/ring-3.jpg?dl=0','2020-08-16 23:16:34','2021-03-09 11:14:08'),(36,'https://www.dropbox.com/s/2c9qtb5b6lixgbl/ring.jpg?dl=0','2021-02-07 16:19:52','2021-03-09 11:14:08'),(37,'https://www.dropbox.com/s/5pdfgrro253r8x9/ring-7.jpg?dl=0','2020-09-11 08:06:41','2021-03-09 11:14:08'),(38,'https://www.dropbox.com/s/qzx5i5lgeg47ds8/ring-5.jpg?dl=0','2020-06-29 18:13:52','2021-03-09 11:14:08'),(39,'https://www.dropbox.com/s/h43v8uaygdv7h0h/ring-2.jpg?dl=0','2020-11-18 04:21:36','2021-03-09 11:14:08'),(40,'https://www.dropbox.com/s/5pdfgrro253r8x9/ring-7.jpg?dl=0','2020-11-14 13:42:43','2021-03-09 11:14:08'),(41,'https://www.dropbox.com/s/hwzh2cmo7o8fx1o/ring-4.jpg?dl=0','2020-04-20 03:59:20','2021-03-09 11:14:08'),(42,'https://www.dropbox.com/s/nh3dnujt8l6fre7/ring-1.jpg?dl=0','2020-04-09 14:15:18','2021-03-09 11:14:08'),(43,'https://www.dropbox.com/s/4oq3tqk1c3nkq97/ring-3.jpg?dl=0','2021-02-05 11:37:03','2021-03-09 11:14:08'),(44,'https://www.dropbox.com/s/2c9qtb5b6lixgbl/ring.jpg?dl=0','2020-04-06 12:36:39','2021-03-09 11:14:08'),(45,'https://www.dropbox.com/s/2c9qtb5b6lixgbl/ring.jpg?dl=0','2021-01-27 02:56:21','2021-03-09 11:14:08'),(46,'https://www.dropbox.com/s/2c9qtb5b6lixgbl/ring.jpg?dl=0','2020-04-21 10:00:02','2021-03-09 11:14:08'),(47,'https://www.dropbox.com/s/h43v8uaygdv7h0h/ring-2.jpg?dl=0','2020-03-07 23:05:54','2021-03-09 11:14:08'),(48,'https://www.dropbox.com/s/hwzh2cmo7o8fx1o/ring-4.jpg?dl=0','2020-10-12 09:06:52','2021-03-09 11:14:08'),(49,'https://www.dropbox.com/s/h43v8uaygdv7h0h/ring-2.jpg?dl=0','2020-08-12 07:30:58','2021-03-09 11:14:08'),(50,'https://www.dropbox.com/s/hwzh2cmo7o8fx1o/ring-4.jpg?dl=0','2020-06-15 04:58:50','2021-03-09 11:14:08'),(51,'https://www.dropbox.com/s/2c9qtb5b6lixgbl/ring.jpg?dl=0','2020-03-15 09:03:42','2021-03-09 11:14:08'),(52,'https://www.dropbox.com/s/5pdfgrro253r8x9/ring-7.jpg?dl=0','2020-10-18 15:04:49','2021-03-09 11:14:08'),(53,'https://www.dropbox.com/s/qzx5i5lgeg47ds8/ring-5.jpg?dl=0','2021-02-25 14:47:21','2021-03-09 11:14:08'),(54,'https://www.dropbox.com/s/qzx5i5lgeg47ds8/ring-5.jpg?dl=0','2020-11-13 15:32:34','2021-03-09 11:14:08'),(55,'https://www.dropbox.com/s/qzx5i5lgeg47ds8/ring-5.jpg?dl=0','2020-04-17 23:14:32','2021-03-09 11:14:08'),(56,'https://www.dropbox.com/s/qv9qak9txenga0v/ring-6.jpg?dl=0','2020-09-25 07:32:09','2021-03-09 11:14:08'),(57,'https://www.dropbox.com/s/5pdfgrro253r8x9/ring-7.jpg?dl=0','2021-02-12 13:46:07','2021-03-09 11:14:08'),(58,'https://www.dropbox.com/s/nh3dnujt8l6fre7/ring-1.jpg?dl=0','2020-04-06 07:37:00','2021-03-09 11:14:08'),(59,'https://www.dropbox.com/s/qv9qak9txenga0v/ring-6.jpg?dl=0','2021-01-20 09:25:56','2021-03-09 11:14:08'),(60,'https://www.dropbox.com/s/2c9qtb5b6lixgbl/ring.jpg?dl=0','2020-10-27 18:08:01','2021-03-09 11:14:08'),(61,'https://www.dropbox.com/s/2c9qtb5b6lixgbl/ring.jpg?dl=0','2020-07-24 21:31:31','2021-03-09 11:14:08'),(62,'https://www.dropbox.com/s/qv9qak9txenga0v/ring-6.jpg?dl=0','2020-03-06 14:10:44','2021-03-09 11:14:08'),(63,'https://www.dropbox.com/s/qv9qak9txenga0v/ring-6.jpg?dl=0','2021-02-27 16:44:07','2021-03-09 11:14:08'),(64,'https://www.dropbox.com/s/qv9qak9txenga0v/ring-6.jpg?dl=0','2020-05-16 22:07:44','2021-03-09 11:14:08'),(65,'https://www.dropbox.com/s/2c9qtb5b6lixgbl/ring.jpg?dl=0','2021-02-04 18:58:49','2021-03-09 11:14:08'),(66,'https://www.dropbox.com/s/5pdfgrro253r8x9/ring-7.jpg?dl=0','2020-09-21 16:17:10','2021-03-09 11:14:08'),(67,'https://www.dropbox.com/s/hwzh2cmo7o8fx1o/ring-4.jpg?dl=0','2020-10-28 12:33:40','2021-03-09 11:14:08'),(68,'https://www.dropbox.com/s/qzx5i5lgeg47ds8/ring-5.jpg?dl=0','2020-11-14 07:37:56','2021-03-09 11:14:08'),(69,'https://www.dropbox.com/s/2c9qtb5b6lixgbl/ring.jpg?dl=0','2020-04-26 16:19:57','2021-03-09 11:14:08'),(70,'https://www.dropbox.com/s/4oq3tqk1c3nkq97/ring-3.jpg?dl=0','2020-09-07 06:47:26','2021-03-09 11:14:08'),(71,'https://www.dropbox.com/s/4oq3tqk1c3nkq97/ring-3.jpg?dl=0','2020-12-12 14:40:04','2021-03-09 11:14:08'),(72,'https://www.dropbox.com/s/h43v8uaygdv7h0h/ring-2.jpg?dl=0','2020-08-19 07:26:24','2021-03-09 11:14:08'),(73,'https://www.dropbox.com/s/h43v8uaygdv7h0h/ring-2.jpg?dl=0','2020-11-10 09:07:02','2021-03-09 11:14:08'),(74,'https://www.dropbox.com/s/4oq3tqk1c3nkq97/ring-3.jpg?dl=0','2020-07-25 16:17:28','2021-03-09 11:14:08'),(75,'https://www.dropbox.com/s/4oq3tqk1c3nkq97/ring-3.jpg?dl=0','2020-11-10 07:51:03','2021-03-09 11:14:08'),(76,'https://www.dropbox.com/s/qv9qak9txenga0v/ring-6.jpg?dl=0','2021-01-02 04:07:34','2021-03-09 11:14:08'),(77,'https://www.dropbox.com/s/h43v8uaygdv7h0h/ring-2.jpg?dl=0','2020-03-26 03:46:27','2021-03-09 11:14:08'),(78,'https://www.dropbox.com/s/2c9qtb5b6lixgbl/ring.jpg?dl=0','2020-07-11 20:55:22','2021-03-09 11:14:08'),(79,'https://www.dropbox.com/s/hwzh2cmo7o8fx1o/ring-4.jpg?dl=0','2021-01-02 04:58:24','2021-03-09 11:14:08'),(80,'https://www.dropbox.com/s/2c9qtb5b6lixgbl/ring.jpg?dl=0','2020-07-19 15:01:14','2021-03-09 11:14:08'),(81,'https://www.dropbox.com/s/nh3dnujt8l6fre7/ring-1.jpg?dl=0','2020-03-17 02:50:47','2021-03-09 11:14:08'),(82,'https://www.dropbox.com/s/4oq3tqk1c3nkq97/ring-3.jpg?dl=0','2021-01-22 02:25:20','2021-03-09 11:14:08'),(83,'https://www.dropbox.com/s/5pdfgrro253r8x9/ring-7.jpg?dl=0','2020-12-19 10:17:48','2021-03-09 11:14:08'),(84,'https://www.dropbox.com/s/5pdfgrro253r8x9/ring-7.jpg?dl=0','2020-10-26 23:14:50','2021-03-09 11:14:08'),(85,'https://www.dropbox.com/s/qzx5i5lgeg47ds8/ring-5.jpg?dl=0','2020-07-30 08:13:46','2021-03-09 11:14:08'),(86,'https://www.dropbox.com/s/qzx5i5lgeg47ds8/ring-5.jpg?dl=0','2020-04-07 01:44:29','2021-03-09 11:14:08'),(87,'https://www.dropbox.com/s/5pdfgrro253r8x9/ring-7.jpg?dl=0','2020-06-03 12:22:04','2021-03-09 11:14:08'),(88,'https://www.dropbox.com/s/qv9qak9txenga0v/ring-6.jpg?dl=0','2020-12-24 09:02:53','2021-03-09 11:14:08'),(89,'https://www.dropbox.com/s/h43v8uaygdv7h0h/ring-2.jpg?dl=0','2020-07-16 10:09:35','2021-03-09 11:14:08'),(90,'https://www.dropbox.com/s/nh3dnujt8l6fre7/ring-1.jpg?dl=0','2020-10-17 07:11:28','2021-03-09 11:14:08'),(91,'https://www.dropbox.com/s/qzx5i5lgeg47ds8/ring-5.jpg?dl=0','2020-06-02 19:57:33','2021-03-09 11:14:08'),(92,'https://www.dropbox.com/s/5pdfgrro253r8x9/ring-7.jpg?dl=0','2020-04-08 23:09:19','2021-03-09 11:14:08'),(93,'https://www.dropbox.com/s/h43v8uaygdv7h0h/ring-2.jpg?dl=0','2021-02-07 07:02:19','2021-03-09 11:14:08'),(94,'https://www.dropbox.com/s/5pdfgrro253r8x9/ring-7.jpg?dl=0','2020-04-15 06:14:57','2021-03-09 11:14:08'),(95,'https://www.dropbox.com/s/qzx5i5lgeg47ds8/ring-5.jpg?dl=0','2020-08-24 02:34:08','2021-03-09 11:14:08'),(96,'https://www.dropbox.com/s/5pdfgrro253r8x9/ring-7.jpg?dl=0','2021-01-02 23:31:29','2021-03-09 11:14:08'),(97,'https://www.dropbox.com/s/h43v8uaygdv7h0h/ring-2.jpg?dl=0','2020-09-28 02:59:25','2021-03-09 11:14:08'),(98,'https://www.dropbox.com/s/4oq3tqk1c3nkq97/ring-3.jpg?dl=0','2020-12-24 14:53:03','2021-03-09 11:14:08'),(99,'https://www.dropbox.com/s/qv9qak9txenga0v/ring-6.jpg?dl=0','2020-05-31 09:58:41','2021-03-09 11:14:08'),(100,'https://www.dropbox.com/s/hwzh2cmo7o8fx1o/ring-4.jpg?dl=0','2020-04-24 21:55:04','2021-03-09 11:14:08'),(101,'https://www.dropbox.com/s/h43v8uaygdv7h0h/ring-2.jpg?dl=0','2021-01-11 11:36:50','2021-03-09 11:14:08'),(102,'https://www.dropbox.com/s/4oq3tqk1c3nkq97/ring-3.jpg?dl=0','2020-12-06 00:18:22','2021-03-09 11:14:08'),(103,'https://www.dropbox.com/s/qv9qak9txenga0v/ring-6.jpg?dl=0','2020-07-02 04:52:20','2021-03-09 11:14:08'),(104,'https://www.dropbox.com/s/4oq3tqk1c3nkq97/ring-3.jpg?dl=0','2021-01-17 12:19:03','2021-03-09 11:14:08'),(105,'https://www.dropbox.com/s/qv9qak9txenga0v/ring-6.jpg?dl=0','2020-06-18 08:02:16','2021-03-09 11:14:08'),(106,'https://www.dropbox.com/s/h43v8uaygdv7h0h/ring-2.jpg?dl=0','2020-06-15 08:56:42','2021-03-09 11:14:08'),(107,'https://www.dropbox.com/s/qzx5i5lgeg47ds8/ring-5.jpg?dl=0','2020-04-20 03:27:47','2021-03-09 11:14:08'),(108,'https://www.dropbox.com/s/4oq3tqk1c3nkq97/ring-3.jpg?dl=0','2021-03-03 21:47:05','2021-03-09 11:14:08'),(109,'https://www.dropbox.com/s/hwzh2cmo7o8fx1o/ring-4.jpg?dl=0','2020-05-08 01:42:50','2021-03-09 11:14:08'),(110,'https://www.dropbox.com/s/qv9qak9txenga0v/ring-6.jpg?dl=0','2020-07-15 19:17:12','2021-03-09 11:14:08'),(111,'https://www.dropbox.com/s/nh3dnujt8l6fre7/ring-1.jpg?dl=0','2020-10-21 22:53:04','2021-03-09 11:14:08'),(112,'https://www.dropbox.com/s/2c9qtb5b6lixgbl/ring.jpg?dl=0','2020-09-20 11:05:37','2021-03-09 11:14:08'),(113,'https://www.dropbox.com/s/h43v8uaygdv7h0h/ring-2.jpg?dl=0','2020-12-17 09:59:32','2021-03-09 11:14:08'),(114,'https://www.dropbox.com/s/qzx5i5lgeg47ds8/ring-5.jpg?dl=0','2020-07-15 00:06:06','2021-03-09 11:14:08'),(115,'https://www.dropbox.com/s/qv9qak9txenga0v/ring-6.jpg?dl=0','2020-12-12 01:42:13','2021-03-09 11:14:08'),(116,'https://www.dropbox.com/s/qv9qak9txenga0v/ring-6.jpg?dl=0','2021-02-22 23:39:54','2021-03-09 11:14:08'),(117,'https://www.dropbox.com/s/4oq3tqk1c3nkq97/ring-3.jpg?dl=0','2020-09-26 00:29:49','2021-03-09 11:14:08'),(118,'https://www.dropbox.com/s/qv9qak9txenga0v/ring-6.jpg?dl=0','2020-10-12 18:42:52','2021-03-09 11:14:08'),(119,'https://www.dropbox.com/s/4oq3tqk1c3nkq97/ring-3.jpg?dl=0','2021-02-11 18:24:59','2021-03-09 11:14:08'),(120,'https://www.dropbox.com/s/5pdfgrro253r8x9/ring-7.jpg?dl=0','2020-04-01 21:34:25','2021-03-09 11:14:08'),(121,'https://www.dropbox.com/s/5pdfgrro253r8x9/ring-7.jpg?dl=0','2021-01-03 22:23:40','2021-03-09 11:14:08'),(122,'https://www.dropbox.com/s/5pdfgrro253r8x9/ring-7.jpg?dl=0','2020-12-10 22:24:44','2021-03-09 11:14:08'),(123,'https://www.dropbox.com/s/qv9qak9txenga0v/ring-6.jpg?dl=0','2020-04-03 08:31:30','2021-03-09 11:14:08'),(124,'https://www.dropbox.com/s/h43v8uaygdv7h0h/ring-2.jpg?dl=0','2020-08-18 15:06:37','2021-03-09 11:14:08'),(125,'https://www.dropbox.com/s/2c9qtb5b6lixgbl/ring.jpg?dl=0','2020-10-06 07:54:02','2021-03-09 11:14:08'),(126,'https://www.dropbox.com/s/h43v8uaygdv7h0h/ring-2.jpg?dl=0','2020-07-09 02:56:06','2021-03-09 11:14:08'),(127,'https://www.dropbox.com/s/h43v8uaygdv7h0h/ring-2.jpg?dl=0','2020-06-10 23:07:19','2021-03-09 11:14:08'),(128,'https://www.dropbox.com/s/qzx5i5lgeg47ds8/ring-5.jpg?dl=0','2020-08-04 06:04:36','2021-03-09 11:14:08'),(129,'https://www.dropbox.com/s/4oq3tqk1c3nkq97/ring-3.jpg?dl=0','2021-02-26 19:11:14','2021-03-09 11:14:08'),(130,'https://www.dropbox.com/s/hwzh2cmo7o8fx1o/ring-4.jpg?dl=0','2021-01-06 09:45:27','2021-03-09 11:14:08'),(131,'https://www.dropbox.com/s/4oq3tqk1c3nkq97/ring-3.jpg?dl=0','2020-04-12 22:17:12','2021-03-09 11:14:08'),(132,'https://www.dropbox.com/s/h43v8uaygdv7h0h/ring-2.jpg?dl=0','2020-05-13 22:22:13','2021-03-09 11:14:08'),(133,'https://www.dropbox.com/s/hwzh2cmo7o8fx1o/ring-4.jpg?dl=0','2020-05-04 16:46:34','2021-03-09 11:14:08'),(134,'https://www.dropbox.com/s/5pdfgrro253r8x9/ring-7.jpg?dl=0','2020-03-06 15:35:48','2021-03-09 11:14:08'),(135,'https://www.dropbox.com/s/5pdfgrro253r8x9/ring-7.jpg?dl=0','2020-12-19 15:35:01','2021-03-09 11:14:08'),(136,'https://www.dropbox.com/s/nh3dnujt8l6fre7/ring-1.jpg?dl=0','2020-10-31 18:01:18','2021-03-09 11:14:08'),(137,'https://www.dropbox.com/s/4oq3tqk1c3nkq97/ring-3.jpg?dl=0','2020-12-27 23:37:16','2021-03-09 11:14:08'),(138,'https://www.dropbox.com/s/4oq3tqk1c3nkq97/ring-3.jpg?dl=0','2020-09-13 00:31:30','2021-03-09 11:14:08'),(139,'https://www.dropbox.com/s/2c9qtb5b6lixgbl/ring.jpg?dl=0','2020-07-06 18:05:34','2021-03-09 11:14:08'),(140,'https://www.dropbox.com/s/4oq3tqk1c3nkq97/ring-3.jpg?dl=0','2020-11-02 03:40:12','2021-03-09 11:14:08'),(141,'https://www.dropbox.com/s/qv9qak9txenga0v/ring-6.jpg?dl=0','2021-02-23 06:25:50','2021-03-09 11:14:08'),(142,'https://www.dropbox.com/s/4oq3tqk1c3nkq97/ring-3.jpg?dl=0','2021-03-04 01:43:22','2021-03-09 11:14:08'),(143,'https://www.dropbox.com/s/5pdfgrro253r8x9/ring-7.jpg?dl=0','2020-05-11 07:43:41','2021-03-09 11:14:08'),(144,'https://www.dropbox.com/s/qzx5i5lgeg47ds8/ring-5.jpg?dl=0','2020-09-23 21:52:57','2021-03-09 11:14:08'),(145,'https://www.dropbox.com/s/hwzh2cmo7o8fx1o/ring-4.jpg?dl=0','2020-04-29 17:20:36','2021-03-09 11:14:08'),(146,'https://www.dropbox.com/s/hwzh2cmo7o8fx1o/ring-4.jpg?dl=0','2020-05-04 00:16:55','2021-03-09 11:14:08'),(147,'https://www.dropbox.com/s/qzx5i5lgeg47ds8/ring-5.jpg?dl=0','2020-07-22 13:08:27','2021-03-09 11:14:08'),(148,'https://www.dropbox.com/s/qv9qak9txenga0v/ring-6.jpg?dl=0','2020-07-01 13:14:03','2021-03-09 11:14:08'),(149,'https://www.dropbox.com/s/qv9qak9txenga0v/ring-6.jpg?dl=0','2020-08-15 09:19:01','2021-03-09 11:14:08'),(150,'https://www.dropbox.com/s/qzx5i5lgeg47ds8/ring-5.jpg?dl=0','2020-06-09 00:03:13','2021-03-09 11:14:08'),(151,'https://www.dropbox.com/s/nh3dnujt8l6fre7/ring-1.jpg?dl=0','2020-07-09 14:11:25','2021-03-09 11:14:08'),(152,'https://www.dropbox.com/s/qzx5i5lgeg47ds8/ring-5.jpg?dl=0','2020-08-03 07:46:10','2021-03-09 11:14:08'),(153,'https://www.dropbox.com/s/5pdfgrro253r8x9/ring-7.jpg?dl=0','2020-07-24 23:10:47','2021-03-09 11:14:08'),(154,'https://www.dropbox.com/s/nh3dnujt8l6fre7/ring-1.jpg?dl=0','2021-02-01 23:26:18','2021-03-09 11:14:08'),(155,'https://www.dropbox.com/s/qv9qak9txenga0v/ring-6.jpg?dl=0','2020-07-18 05:27:01','2021-03-09 11:14:08'),(156,'https://www.dropbox.com/s/qzx5i5lgeg47ds8/ring-5.jpg?dl=0','2020-09-30 16:14:09','2021-03-09 11:14:08'),(157,'https://www.dropbox.com/s/4oq3tqk1c3nkq97/ring-3.jpg?dl=0','2021-03-01 18:54:20','2021-03-09 11:14:08'),(158,'https://www.dropbox.com/s/nh3dnujt8l6fre7/ring-1.jpg?dl=0','2020-06-23 14:30:54','2021-03-09 11:14:08'),(159,'https://www.dropbox.com/s/2c9qtb5b6lixgbl/ring.jpg?dl=0','2020-07-14 04:48:30','2021-03-09 11:14:08'),(160,'https://www.dropbox.com/s/qv9qak9txenga0v/ring-6.jpg?dl=0','2020-07-01 10:15:16','2021-03-09 11:14:08'),(161,'https://www.dropbox.com/s/qv9qak9txenga0v/ring-6.jpg?dl=0','2020-12-05 05:46:00','2021-03-09 11:14:08'),(162,'https://www.dropbox.com/s/4oq3tqk1c3nkq97/ring-3.jpg?dl=0','2020-12-29 13:04:36','2021-03-09 11:14:08'),(163,'https://www.dropbox.com/s/5pdfgrro253r8x9/ring-7.jpg?dl=0','2020-12-12 14:33:12','2021-03-09 11:14:08'),(164,'https://www.dropbox.com/s/hwzh2cmo7o8fx1o/ring-4.jpg?dl=0','2020-09-06 10:19:34','2021-03-09 11:14:08'),(165,'https://www.dropbox.com/s/2c9qtb5b6lixgbl/ring.jpg?dl=0','2020-09-08 16:52:18','2021-03-09 11:14:08'),(166,'https://www.dropbox.com/s/5pdfgrro253r8x9/ring-7.jpg?dl=0','2021-01-12 09:40:29','2021-03-09 11:14:08'),(167,'https://www.dropbox.com/s/4oq3tqk1c3nkq97/ring-3.jpg?dl=0','2020-09-03 03:29:49','2021-03-09 11:14:08'),(168,'https://www.dropbox.com/s/qzx5i5lgeg47ds8/ring-5.jpg?dl=0','2020-09-03 12:27:17','2021-03-09 11:14:08'),(169,'https://www.dropbox.com/s/h43v8uaygdv7h0h/ring-2.jpg?dl=0','2020-09-25 12:47:51','2021-03-09 11:14:08'),(170,'https://www.dropbox.com/s/5pdfgrro253r8x9/ring-7.jpg?dl=0','2020-10-09 21:16:05','2021-03-09 11:14:08'),(171,'https://www.dropbox.com/s/qzx5i5lgeg47ds8/ring-5.jpg?dl=0','2020-09-17 00:11:04','2021-03-09 11:14:08'),(172,'https://www.dropbox.com/s/2c9qtb5b6lixgbl/ring.jpg?dl=0','2020-08-31 20:28:05','2021-03-09 11:14:08'),(173,'https://www.dropbox.com/s/h43v8uaygdv7h0h/ring-2.jpg?dl=0','2020-06-23 06:17:52','2021-03-09 11:14:08'),(174,'https://www.dropbox.com/s/4oq3tqk1c3nkq97/ring-3.jpg?dl=0','2020-08-01 18:16:09','2021-03-09 11:14:08'),(175,'https://www.dropbox.com/s/qzx5i5lgeg47ds8/ring-5.jpg?dl=0','2020-07-25 23:18:33','2021-03-09 11:14:08'),(176,'https://www.dropbox.com/s/nh3dnujt8l6fre7/ring-1.jpg?dl=0','2020-06-05 12:33:54','2021-03-09 11:14:08'),(177,'https://www.dropbox.com/s/h43v8uaygdv7h0h/ring-2.jpg?dl=0','2020-03-06 05:29:46','2021-03-09 11:14:08'),(178,'https://www.dropbox.com/s/h43v8uaygdv7h0h/ring-2.jpg?dl=0','2020-10-19 01:41:27','2021-03-09 11:14:08'),(179,'https://www.dropbox.com/s/5pdfgrro253r8x9/ring-7.jpg?dl=0','2020-06-06 11:27:01','2021-03-09 11:14:08'),(180,'https://www.dropbox.com/s/nh3dnujt8l6fre7/ring-1.jpg?dl=0','2021-01-15 12:57:47','2021-03-09 11:14:08'),(181,'https://www.dropbox.com/s/hwzh2cmo7o8fx1o/ring-4.jpg?dl=0','2020-09-04 21:36:15','2021-03-09 11:14:08'),(182,'https://www.dropbox.com/s/5pdfgrro253r8x9/ring-7.jpg?dl=0','2020-10-26 13:54:43','2021-03-09 11:14:08'),(183,'https://www.dropbox.com/s/qv9qak9txenga0v/ring-6.jpg?dl=0','2020-08-10 09:56:10','2021-03-09 11:14:08'),(184,'https://www.dropbox.com/s/qzx5i5lgeg47ds8/ring-5.jpg?dl=0','2020-04-05 22:44:26','2021-03-09 11:14:08'),(185,'https://www.dropbox.com/s/qzx5i5lgeg47ds8/ring-5.jpg?dl=0','2020-07-20 02:50:41','2021-03-09 11:14:08'),(186,'https://www.dropbox.com/s/5pdfgrro253r8x9/ring-7.jpg?dl=0','2021-02-11 15:18:05','2021-03-09 11:14:08'),(187,'https://www.dropbox.com/s/4oq3tqk1c3nkq97/ring-3.jpg?dl=0','2021-02-01 09:05:39','2021-03-09 11:14:08'),(188,'https://www.dropbox.com/s/nh3dnujt8l6fre7/ring-1.jpg?dl=0','2021-01-22 08:05:02','2021-03-09 11:14:08'),(189,'https://www.dropbox.com/s/4oq3tqk1c3nkq97/ring-3.jpg?dl=0','2020-09-17 01:27:23','2021-03-09 11:14:08'),(190,'https://www.dropbox.com/s/h43v8uaygdv7h0h/ring-2.jpg?dl=0','2020-09-13 10:21:55','2021-03-09 11:14:08'),(191,'https://www.dropbox.com/s/qzx5i5lgeg47ds8/ring-5.jpg?dl=0','2020-10-11 10:03:30','2021-03-09 11:14:08'),(192,'https://www.dropbox.com/s/4oq3tqk1c3nkq97/ring-3.jpg?dl=0','2020-06-02 00:08:20','2021-03-09 11:14:08'),(193,'https://www.dropbox.com/s/hwzh2cmo7o8fx1o/ring-4.jpg?dl=0','2020-09-27 01:49:36','2021-03-09 11:14:08'),(194,'https://www.dropbox.com/s/qv9qak9txenga0v/ring-6.jpg?dl=0','2020-11-10 01:44:20','2021-03-09 11:14:08'),(195,'https://www.dropbox.com/s/4oq3tqk1c3nkq97/ring-3.jpg?dl=0','2020-03-07 03:06:26','2021-03-09 11:14:08'),(196,'https://www.dropbox.com/s/nh3dnujt8l6fre7/ring-1.jpg?dl=0','2020-04-10 22:59:08','2021-03-09 11:14:08'),(197,'https://www.dropbox.com/s/qzx5i5lgeg47ds8/ring-5.jpg?dl=0','2020-12-02 12:45:56','2021-03-09 11:14:08'),(198,'https://www.dropbox.com/s/qzx5i5lgeg47ds8/ring-5.jpg?dl=0','2021-02-05 10:23:53','2021-03-09 11:14:08'),(199,'https://www.dropbox.com/s/qv9qak9txenga0v/ring-6.jpg?dl=0','2020-04-13 17:44:04','2021-03-09 11:14:08'),(200,'https://www.dropbox.com/s/qzx5i5lgeg47ds8/ring-5.jpg?dl=0','2020-12-02 18:43:47','2021-03-09 11:14:08'),(201,'https://www.dropbox.com/s/5pdfgrro253r8x9/ring-7.jpg?dl=0','2020-06-25 18:20:34','2021-03-09 11:14:08'),(202,'https://www.dropbox.com/s/nh3dnujt8l6fre7/ring-1.jpg?dl=0','2020-05-03 11:49:44','2021-03-09 11:14:08'),(203,'https://www.dropbox.com/s/hwzh2cmo7o8fx1o/ring-4.jpg?dl=0','2020-05-28 06:00:50','2021-03-09 11:14:08'),(204,'https://www.dropbox.com/s/qzx5i5lgeg47ds8/ring-5.jpg?dl=0','2020-05-04 01:12:30','2021-03-09 11:14:08'),(205,'https://www.dropbox.com/s/5pdfgrro253r8x9/ring-7.jpg?dl=0','2020-03-06 13:42:19','2021-03-09 11:14:08'),(206,'https://www.dropbox.com/s/h43v8uaygdv7h0h/ring-2.jpg?dl=0','2020-10-09 15:54:34','2021-03-09 11:14:08'),(207,'https://www.dropbox.com/s/qzx5i5lgeg47ds8/ring-5.jpg?dl=0','2020-09-04 06:53:15','2021-03-09 11:14:08'),(208,'https://www.dropbox.com/s/hwzh2cmo7o8fx1o/ring-4.jpg?dl=0','2020-05-23 15:06:04','2021-03-09 11:14:08'),(209,'https://www.dropbox.com/s/2c9qtb5b6lixgbl/ring.jpg?dl=0','2021-02-08 02:06:03','2021-03-09 11:14:08'),(210,'https://www.dropbox.com/s/nh3dnujt8l6fre7/ring-1.jpg?dl=0','2020-11-18 21:30:43','2021-03-09 11:14:08'),(211,'https://www.dropbox.com/s/nh3dnujt8l6fre7/ring-1.jpg?dl=0','2020-10-09 19:29:35','2021-03-09 11:14:08'),(212,'https://www.dropbox.com/s/hwzh2cmo7o8fx1o/ring-4.jpg?dl=0','2020-09-13 18:28:07','2021-03-09 11:14:08'),(213,'https://www.dropbox.com/s/2c9qtb5b6lixgbl/ring.jpg?dl=0','2020-07-25 08:28:46','2021-03-09 11:14:08'),(214,'https://www.dropbox.com/s/nh3dnujt8l6fre7/ring-1.jpg?dl=0','2020-11-02 01:45:34','2021-03-09 11:14:08'),(215,'https://www.dropbox.com/s/h43v8uaygdv7h0h/ring-2.jpg?dl=0','2020-12-22 13:13:31','2021-03-09 11:14:08'),(216,'https://www.dropbox.com/s/hwzh2cmo7o8fx1o/ring-4.jpg?dl=0','2020-11-15 16:08:44','2021-03-09 11:14:08'),(217,'https://www.dropbox.com/s/5pdfgrro253r8x9/ring-7.jpg?dl=0','2020-03-20 10:24:30','2021-03-09 11:14:08'),(218,'https://www.dropbox.com/s/4oq3tqk1c3nkq97/ring-3.jpg?dl=0','2021-01-17 19:31:07','2021-03-09 11:14:08'),(219,'https://www.dropbox.com/s/h43v8uaygdv7h0h/ring-2.jpg?dl=0','2020-04-05 16:39:32','2021-03-09 11:14:08'),(220,'https://www.dropbox.com/s/qzx5i5lgeg47ds8/ring-5.jpg?dl=0','2020-07-14 22:47:58','2021-03-09 11:14:08'),(221,'https://www.dropbox.com/s/4oq3tqk1c3nkq97/ring-3.jpg?dl=0','2021-02-14 21:22:58','2021-03-09 11:14:08'),(222,'https://www.dropbox.com/s/hwzh2cmo7o8fx1o/ring-4.jpg?dl=0','2021-01-21 02:06:07','2021-03-09 11:14:08'),(223,'https://www.dropbox.com/s/2c9qtb5b6lixgbl/ring.jpg?dl=0','2020-05-04 08:20:18','2021-03-09 11:14:08'),(224,'https://www.dropbox.com/s/2c9qtb5b6lixgbl/ring.jpg?dl=0','2020-09-07 20:41:22','2021-03-09 11:14:08'),(225,'https://www.dropbox.com/s/5pdfgrro253r8x9/ring-7.jpg?dl=0','2020-11-22 12:16:39','2021-03-09 11:14:08'),(226,'https://www.dropbox.com/s/h43v8uaygdv7h0h/ring-2.jpg?dl=0','2020-05-21 01:36:18','2021-03-09 11:14:08'),(227,'https://www.dropbox.com/s/2c9qtb5b6lixgbl/ring.jpg?dl=0','2020-05-26 08:40:47','2021-03-09 11:14:08'),(228,'https://www.dropbox.com/s/5pdfgrro253r8x9/ring-7.jpg?dl=0','2020-07-11 22:15:58','2021-03-09 11:14:08'),(229,'https://www.dropbox.com/s/h43v8uaygdv7h0h/ring-2.jpg?dl=0','2020-04-24 00:41:42','2021-03-09 11:14:08'),(230,'https://www.dropbox.com/s/nh3dnujt8l6fre7/ring-1.jpg?dl=0','2020-09-14 12:36:01','2021-03-09 11:14:08'),(231,'https://www.dropbox.com/s/2c9qtb5b6lixgbl/ring.jpg?dl=0','2021-01-26 04:59:07','2021-03-09 11:14:08'),(232,'https://www.dropbox.com/s/h43v8uaygdv7h0h/ring-2.jpg?dl=0','2020-04-08 19:03:38','2021-03-09 11:14:08'),(233,'https://www.dropbox.com/s/h43v8uaygdv7h0h/ring-2.jpg?dl=0','2021-01-01 05:55:41','2021-03-09 11:14:08'),(234,'https://www.dropbox.com/s/qzx5i5lgeg47ds8/ring-5.jpg?dl=0','2021-01-18 07:59:52','2021-03-09 11:14:08'),(235,'https://www.dropbox.com/s/hwzh2cmo7o8fx1o/ring-4.jpg?dl=0','2020-05-15 12:33:56','2021-03-09 11:14:08'),(236,'https://www.dropbox.com/s/nh3dnujt8l6fre7/ring-1.jpg?dl=0','2020-08-10 18:18:13','2021-03-09 11:14:08'),(237,'https://www.dropbox.com/s/nh3dnujt8l6fre7/ring-1.jpg?dl=0','2020-10-15 19:45:23','2021-03-09 11:14:08'),(238,'https://www.dropbox.com/s/5pdfgrro253r8x9/ring-7.jpg?dl=0','2020-03-24 01:02:56','2021-03-09 11:14:08'),(239,'https://www.dropbox.com/s/h43v8uaygdv7h0h/ring-2.jpg?dl=0','2020-11-07 10:14:58','2021-03-09 11:14:08'),(240,'https://www.dropbox.com/s/qv9qak9txenga0v/ring-6.jpg?dl=0','2020-07-10 05:59:21','2021-03-09 11:14:08'),(241,'https://www.dropbox.com/s/h43v8uaygdv7h0h/ring-2.jpg?dl=0','2020-06-28 23:52:00','2021-03-09 11:14:08'),(242,'https://www.dropbox.com/s/qv9qak9txenga0v/ring-6.jpg?dl=0','2020-08-27 02:33:07','2021-03-09 11:14:08'),(243,'https://www.dropbox.com/s/2c9qtb5b6lixgbl/ring.jpg?dl=0','2020-12-15 13:09:24','2021-03-09 11:14:08'),(244,'https://www.dropbox.com/s/2c9qtb5b6lixgbl/ring.jpg?dl=0','2020-10-19 02:50:44','2021-03-09 11:14:08'),(245,'https://www.dropbox.com/s/qv9qak9txenga0v/ring-6.jpg?dl=0','2021-01-27 21:24:34','2021-03-09 11:14:08'),(246,'https://www.dropbox.com/s/qzx5i5lgeg47ds8/ring-5.jpg?dl=0','2020-06-06 23:42:53','2021-03-09 11:14:08'),(247,'https://www.dropbox.com/s/qv9qak9txenga0v/ring-6.jpg?dl=0','2021-01-30 23:00:58','2021-03-09 11:14:08'),(248,'https://www.dropbox.com/s/4oq3tqk1c3nkq97/ring-3.jpg?dl=0','2020-05-06 20:53:09','2021-03-09 11:14:08'),(249,'https://www.dropbox.com/s/2c9qtb5b6lixgbl/ring.jpg?dl=0','2021-01-21 09:31:11','2021-03-09 11:14:08'),(250,'https://www.dropbox.com/s/nh3dnujt8l6fre7/ring-1.jpg?dl=0','2020-06-25 15:15:57','2021-03-09 11:14:08'),(251,'https://www.dropbox.com/s/5pdfgrro253r8x9/ring-7.jpg?dl=0','2020-11-28 00:48:29','2021-03-09 11:14:08'),(252,'https://www.dropbox.com/s/qzx5i5lgeg47ds8/ring-5.jpg?dl=0','2020-12-22 17:31:01','2021-03-09 11:14:08'),(253,'https://www.dropbox.com/s/hwzh2cmo7o8fx1o/ring-4.jpg?dl=0','2020-04-11 23:10:04','2021-03-09 11:14:08'),(254,'https://www.dropbox.com/s/2c9qtb5b6lixgbl/ring.jpg?dl=0','2020-03-09 21:28:49','2021-03-09 11:14:08'),(255,'https://www.dropbox.com/s/h43v8uaygdv7h0h/ring-2.jpg?dl=0','2020-12-30 11:57:55','2021-03-09 11:14:08'),(256,'https://www.dropbox.com/s/5pdfgrro253r8x9/ring-7.jpg?dl=0','2020-08-14 05:45:09','2021-03-09 11:14:08'),(257,'https://www.dropbox.com/s/2c9qtb5b6lixgbl/ring.jpg?dl=0','2020-07-30 13:45:36','2021-03-09 11:14:08'),(258,'https://www.dropbox.com/s/qzx5i5lgeg47ds8/ring-5.jpg?dl=0','2020-08-02 22:33:05','2021-03-09 11:14:08'),(259,'https://www.dropbox.com/s/2c9qtb5b6lixgbl/ring.jpg?dl=0','2020-12-26 09:53:45','2021-03-09 11:14:08'),(260,'https://www.dropbox.com/s/h43v8uaygdv7h0h/ring-2.jpg?dl=0','2020-10-27 06:57:17','2021-03-09 11:14:08'),(261,'https://www.dropbox.com/s/hwzh2cmo7o8fx1o/ring-4.jpg?dl=0','2020-06-26 16:33:15','2021-03-09 11:14:08'),(262,'https://www.dropbox.com/s/hwzh2cmo7o8fx1o/ring-4.jpg?dl=0','2021-01-24 20:29:02','2021-03-09 11:14:08'),(263,'https://www.dropbox.com/s/nh3dnujt8l6fre7/ring-1.jpg?dl=0','2021-02-26 12:49:46','2021-03-09 11:14:08'),(264,'https://www.dropbox.com/s/nh3dnujt8l6fre7/ring-1.jpg?dl=0','2020-05-27 03:19:16','2021-03-09 11:14:08'),(265,'https://www.dropbox.com/s/4oq3tqk1c3nkq97/ring-3.jpg?dl=0','2020-04-03 04:51:49','2021-03-09 11:14:08'),(266,'https://www.dropbox.com/s/2c9qtb5b6lixgbl/ring.jpg?dl=0','2020-03-31 11:48:29','2021-03-09 11:14:08'),(267,'https://www.dropbox.com/s/qv9qak9txenga0v/ring-6.jpg?dl=0','2021-02-19 00:11:43','2021-03-09 11:14:08'),(268,'https://www.dropbox.com/s/h43v8uaygdv7h0h/ring-2.jpg?dl=0','2020-03-06 23:29:19','2021-03-09 11:14:08'),(269,'https://www.dropbox.com/s/2c9qtb5b6lixgbl/ring.jpg?dl=0','2020-04-06 13:09:51','2021-03-09 11:14:08'),(270,'https://www.dropbox.com/s/nh3dnujt8l6fre7/ring-1.jpg?dl=0','2021-02-18 07:00:24','2021-03-09 11:14:08'),(271,'https://www.dropbox.com/s/h43v8uaygdv7h0h/ring-2.jpg?dl=0','2021-02-02 07:09:28','2021-03-09 11:14:08'),(272,'https://www.dropbox.com/s/qv9qak9txenga0v/ring-6.jpg?dl=0','2020-08-13 12:35:18','2021-03-09 11:14:08'),(273,'https://www.dropbox.com/s/nh3dnujt8l6fre7/ring-1.jpg?dl=0','2020-09-17 12:40:56','2021-03-09 11:14:08'),(274,'https://www.dropbox.com/s/qzx5i5lgeg47ds8/ring-5.jpg?dl=0','2020-06-14 15:15:09','2021-03-09 11:14:08'),(275,'https://www.dropbox.com/s/4oq3tqk1c3nkq97/ring-3.jpg?dl=0','2020-10-09 21:01:59','2021-03-09 11:14:08'),(276,'https://www.dropbox.com/s/qzx5i5lgeg47ds8/ring-5.jpg?dl=0','2020-08-20 04:52:15','2021-03-09 11:14:08'),(277,'https://www.dropbox.com/s/hwzh2cmo7o8fx1o/ring-4.jpg?dl=0','2020-09-27 14:45:36','2021-03-09 11:14:08'),(278,'https://www.dropbox.com/s/5pdfgrro253r8x9/ring-7.jpg?dl=0','2020-03-20 15:50:30','2021-03-09 11:14:08'),(279,'https://www.dropbox.com/s/5pdfgrro253r8x9/ring-7.jpg?dl=0','2021-01-03 22:31:28','2021-03-09 11:14:08'),(280,'https://www.dropbox.com/s/qzx5i5lgeg47ds8/ring-5.jpg?dl=0','2020-08-19 20:11:30','2021-03-09 11:14:08'),(281,'https://www.dropbox.com/s/hwzh2cmo7o8fx1o/ring-4.jpg?dl=0','2020-06-20 10:43:04','2021-03-09 11:14:08'),(282,'https://www.dropbox.com/s/2c9qtb5b6lixgbl/ring.jpg?dl=0','2020-04-21 06:40:11','2021-03-09 11:14:08'),(283,'https://www.dropbox.com/s/hwzh2cmo7o8fx1o/ring-4.jpg?dl=0','2020-04-28 03:44:07','2021-03-09 11:14:08'),(284,'https://www.dropbox.com/s/hwzh2cmo7o8fx1o/ring-4.jpg?dl=0','2020-08-13 20:12:48','2021-03-09 11:14:08'),(285,'https://www.dropbox.com/s/5pdfgrro253r8x9/ring-7.jpg?dl=0','2020-06-28 18:01:07','2021-03-09 11:14:08'),(286,'https://www.dropbox.com/s/2c9qtb5b6lixgbl/ring.jpg?dl=0','2020-09-05 09:22:11','2021-03-09 11:14:08'),(287,'https://www.dropbox.com/s/2c9qtb5b6lixgbl/ring.jpg?dl=0','2020-04-04 02:27:04','2021-03-09 11:14:08'),(288,'https://www.dropbox.com/s/4oq3tqk1c3nkq97/ring-3.jpg?dl=0','2020-04-16 07:09:26','2021-03-09 11:14:08'),(289,'https://www.dropbox.com/s/nh3dnujt8l6fre7/ring-1.jpg?dl=0','2020-12-20 17:24:06','2021-03-09 11:14:08'),(290,'https://www.dropbox.com/s/qzx5i5lgeg47ds8/ring-5.jpg?dl=0','2020-08-24 15:01:14','2021-03-09 11:14:08'),(291,'https://www.dropbox.com/s/nh3dnujt8l6fre7/ring-1.jpg?dl=0','2020-08-29 17:46:01','2021-03-09 11:14:08'),(292,'https://www.dropbox.com/s/4oq3tqk1c3nkq97/ring-3.jpg?dl=0','2020-09-15 22:23:19','2021-03-09 11:14:08'),(293,'https://www.dropbox.com/s/4oq3tqk1c3nkq97/ring-3.jpg?dl=0','2020-12-31 13:46:10','2021-03-09 11:14:08'),(294,'https://www.dropbox.com/s/hwzh2cmo7o8fx1o/ring-4.jpg?dl=0','2020-06-21 15:08:02','2021-03-09 11:14:08'),(295,'https://www.dropbox.com/s/hwzh2cmo7o8fx1o/ring-4.jpg?dl=0','2021-02-09 11:12:21','2021-03-09 11:14:08'),(296,'https://www.dropbox.com/s/2c9qtb5b6lixgbl/ring.jpg?dl=0','2020-07-03 04:00:19','2021-03-09 11:14:08'),(297,'https://www.dropbox.com/s/qv9qak9txenga0v/ring-6.jpg?dl=0','2020-07-07 18:43:56','2021-03-09 11:14:08'),(298,'https://www.dropbox.com/s/qzx5i5lgeg47ds8/ring-5.jpg?dl=0','2020-05-07 05:46:57','2021-03-09 11:14:08'),(299,'https://www.dropbox.com/s/5pdfgrro253r8x9/ring-7.jpg?dl=0','2020-04-13 15:13:41','2021-03-09 11:14:08'),(300,'https://www.dropbox.com/s/h43v8uaygdv7h0h/ring-2.jpg?dl=0','2020-10-16 21:33:39','2021-03-09 11:14:08'),(301,'https://www.dropbox.com/s/2c9qtb5b6lixgbl/ring.jpg?dl=0','2020-09-23 17:23:51','2021-03-09 11:14:08'),(302,'https://www.dropbox.com/s/qv9qak9txenga0v/ring-6.jpg?dl=0','2020-11-21 15:18:48','2021-03-09 11:14:08'),(303,'https://www.dropbox.com/s/h43v8uaygdv7h0h/ring-2.jpg?dl=0','2020-07-21 09:56:01','2021-03-09 11:14:08'),(304,'https://www.dropbox.com/s/qv9qak9txenga0v/ring-6.jpg?dl=0','2020-06-14 21:17:15','2021-03-09 11:14:08'),(305,'https://www.dropbox.com/s/2c9qtb5b6lixgbl/ring.jpg?dl=0','2020-09-30 05:26:16','2021-03-09 11:14:08'),(306,'https://www.dropbox.com/s/nh3dnujt8l6fre7/ring-1.jpg?dl=0','2020-11-27 19:23:43','2021-03-09 11:14:08'),(307,'https://www.dropbox.com/s/5pdfgrro253r8x9/ring-7.jpg?dl=0','2021-03-01 22:02:40','2021-03-09 11:14:08'),(308,'https://www.dropbox.com/s/4oq3tqk1c3nkq97/ring-3.jpg?dl=0','2021-02-14 12:45:02','2021-03-09 11:14:08'),(309,'https://www.dropbox.com/s/nh3dnujt8l6fre7/ring-1.jpg?dl=0','2020-12-02 02:35:27','2021-03-09 11:14:08'),(310,'https://www.dropbox.com/s/h43v8uaygdv7h0h/ring-2.jpg?dl=0','2020-06-01 04:28:04','2021-03-09 11:14:08'),(311,'https://www.dropbox.com/s/2c9qtb5b6lixgbl/ring.jpg?dl=0','2020-05-03 01:36:45','2021-03-09 11:14:08'),(312,'https://www.dropbox.com/s/4oq3tqk1c3nkq97/ring-3.jpg?dl=0','2021-01-07 08:47:22','2021-03-09 11:14:08'),(313,'https://www.dropbox.com/s/nh3dnujt8l6fre7/ring-1.jpg?dl=0','2020-10-01 23:50:39','2021-03-09 11:14:08'),(314,'https://www.dropbox.com/s/hwzh2cmo7o8fx1o/ring-4.jpg?dl=0','2020-12-31 15:42:38','2021-03-09 11:14:08'),(315,'https://www.dropbox.com/s/5pdfgrro253r8x9/ring-7.jpg?dl=0','2020-04-29 02:28:43','2021-03-09 11:14:08'),(316,'https://www.dropbox.com/s/qv9qak9txenga0v/ring-6.jpg?dl=0','2020-12-16 12:01:38','2021-03-09 11:14:08'),(317,'https://www.dropbox.com/s/hwzh2cmo7o8fx1o/ring-4.jpg?dl=0','2020-07-05 22:18:18','2021-03-09 11:14:08'),(318,'https://www.dropbox.com/s/2c9qtb5b6lixgbl/ring.jpg?dl=0','2020-04-08 05:40:17','2021-03-09 11:14:08'),(319,'https://www.dropbox.com/s/qv9qak9txenga0v/ring-6.jpg?dl=0','2021-03-03 20:49:50','2021-03-09 11:14:08'),(320,'https://www.dropbox.com/s/4oq3tqk1c3nkq97/ring-3.jpg?dl=0','2020-07-22 14:16:31','2021-03-09 11:14:08'),(321,'https://www.dropbox.com/s/nh3dnujt8l6fre7/ring-1.jpg?dl=0','2020-08-20 20:19:57','2021-03-09 11:14:08'),(322,'https://www.dropbox.com/s/5pdfgrro253r8x9/ring-7.jpg?dl=0','2021-01-11 14:46:22','2021-03-09 11:14:08'),(323,'https://www.dropbox.com/s/4oq3tqk1c3nkq97/ring-3.jpg?dl=0','2020-08-08 02:15:58','2021-03-09 11:14:08'),(324,'https://www.dropbox.com/s/qv9qak9txenga0v/ring-6.jpg?dl=0','2020-03-05 03:15:32','2021-03-09 11:14:08'),(325,'https://www.dropbox.com/s/nh3dnujt8l6fre7/ring-1.jpg?dl=0','2020-07-30 10:50:25','2021-03-09 11:14:08'),(326,'https://www.dropbox.com/s/h43v8uaygdv7h0h/ring-2.jpg?dl=0','2020-03-18 01:26:14','2021-03-09 11:14:08'),(327,'https://www.dropbox.com/s/2c9qtb5b6lixgbl/ring.jpg?dl=0','2020-04-19 06:34:11','2021-03-09 11:14:08'),(328,'https://www.dropbox.com/s/5pdfgrro253r8x9/ring-7.jpg?dl=0','2020-12-31 09:40:36','2021-03-09 11:14:08'),(329,'https://www.dropbox.com/s/h43v8uaygdv7h0h/ring-2.jpg?dl=0','2020-12-22 12:05:02','2021-03-09 11:14:08'),(330,'https://www.dropbox.com/s/4oq3tqk1c3nkq97/ring-3.jpg?dl=0','2020-10-19 20:34:24','2021-03-09 11:14:08'),(331,'https://www.dropbox.com/s/hwzh2cmo7o8fx1o/ring-4.jpg?dl=0','2020-05-19 08:36:59','2021-03-09 11:14:08'),(332,'https://www.dropbox.com/s/4oq3tqk1c3nkq97/ring-3.jpg?dl=0','2020-10-03 19:24:14','2021-03-09 11:14:08'),(333,'https://www.dropbox.com/s/h43v8uaygdv7h0h/ring-2.jpg?dl=0','2020-10-27 14:08:43','2021-03-09 11:14:08'),(334,'https://www.dropbox.com/s/2c9qtb5b6lixgbl/ring.jpg?dl=0','2020-10-24 11:57:53','2021-03-09 11:14:08'),(335,'https://www.dropbox.com/s/5pdfgrro253r8x9/ring-7.jpg?dl=0','2020-11-16 21:56:27','2021-03-09 11:14:08'),(336,'https://www.dropbox.com/s/qzx5i5lgeg47ds8/ring-5.jpg?dl=0','2020-11-24 09:43:13','2021-03-09 11:14:08'),(337,'https://www.dropbox.com/s/2c9qtb5b6lixgbl/ring.jpg?dl=0','2021-01-17 15:45:08','2021-03-09 11:14:08'),(338,'https://www.dropbox.com/s/2c9qtb5b6lixgbl/ring.jpg?dl=0','2021-01-16 06:43:04','2021-03-09 11:14:08'),(339,'https://www.dropbox.com/s/2c9qtb5b6lixgbl/ring.jpg?dl=0','2020-03-21 02:50:36','2021-03-09 11:14:08'),(340,'https://www.dropbox.com/s/5pdfgrro253r8x9/ring-7.jpg?dl=0','2020-10-07 12:12:37','2021-03-09 11:14:08'),(341,'https://www.dropbox.com/s/5pdfgrro253r8x9/ring-7.jpg?dl=0','2020-07-03 14:46:05','2021-03-09 11:14:08'),(342,'https://www.dropbox.com/s/nh3dnujt8l6fre7/ring-1.jpg?dl=0','2020-10-05 16:08:50','2021-03-09 11:14:08'),(343,'https://www.dropbox.com/s/h43v8uaygdv7h0h/ring-2.jpg?dl=0','2020-08-15 05:21:00','2021-03-09 11:14:08'),(344,'https://www.dropbox.com/s/qv9qak9txenga0v/ring-6.jpg?dl=0','2020-08-17 12:37:36','2021-03-09 11:14:08'),(345,'https://www.dropbox.com/s/h43v8uaygdv7h0h/ring-2.jpg?dl=0','2020-04-04 08:40:18','2021-03-09 11:14:08'),(346,'https://www.dropbox.com/s/h43v8uaygdv7h0h/ring-2.jpg?dl=0','2020-09-25 01:01:33','2021-03-09 11:14:08'),(347,'https://www.dropbox.com/s/h43v8uaygdv7h0h/ring-2.jpg?dl=0','2020-09-19 11:40:24','2021-03-09 11:14:08'),(348,'https://www.dropbox.com/s/hwzh2cmo7o8fx1o/ring-4.jpg?dl=0','2020-06-25 20:26:14','2021-03-09 11:14:08'),(349,'https://www.dropbox.com/s/nh3dnujt8l6fre7/ring-1.jpg?dl=0','2020-03-09 01:12:43','2021-03-09 11:14:08'),(350,'https://www.dropbox.com/s/qzx5i5lgeg47ds8/ring-5.jpg?dl=0','2020-12-10 19:50:03','2021-03-09 11:14:08'),(351,'https://www.dropbox.com/s/qzx5i5lgeg47ds8/ring-5.jpg?dl=0','2020-05-12 18:41:30','2021-03-09 11:14:08'),(352,'https://www.dropbox.com/s/hwzh2cmo7o8fx1o/ring-4.jpg?dl=0','2020-07-16 02:46:40','2021-03-09 11:14:08'),(353,'https://www.dropbox.com/s/qzx5i5lgeg47ds8/ring-5.jpg?dl=0','2020-05-26 00:42:15','2021-03-09 11:14:08'),(354,'https://www.dropbox.com/s/hwzh2cmo7o8fx1o/ring-4.jpg?dl=0','2020-11-13 14:10:27','2021-03-09 11:14:08'),(355,'https://www.dropbox.com/s/qv9qak9txenga0v/ring-6.jpg?dl=0','2020-12-10 01:15:58','2021-03-09 11:14:08'),(356,'https://www.dropbox.com/s/4oq3tqk1c3nkq97/ring-3.jpg?dl=0','2021-02-25 12:46:34','2021-03-09 11:14:08'),(357,'https://www.dropbox.com/s/qv9qak9txenga0v/ring-6.jpg?dl=0','2020-05-28 01:50:24','2021-03-09 11:14:08'),(358,'https://www.dropbox.com/s/qzx5i5lgeg47ds8/ring-5.jpg?dl=0','2020-11-09 09:42:05','2021-03-09 11:14:08'),(359,'https://www.dropbox.com/s/2c9qtb5b6lixgbl/ring.jpg?dl=0','2020-08-25 16:22:56','2021-03-09 11:14:08'),(360,'https://www.dropbox.com/s/5pdfgrro253r8x9/ring-7.jpg?dl=0','2020-03-26 00:16:19','2021-03-09 11:14:08'),(361,'https://www.dropbox.com/s/qzx5i5lgeg47ds8/ring-5.jpg?dl=0','2020-09-05 09:27:59','2021-03-09 11:14:08'),(362,'https://www.dropbox.com/s/qv9qak9txenga0v/ring-6.jpg?dl=0','2020-07-15 12:57:17','2021-03-09 11:14:08'),(363,'https://www.dropbox.com/s/qzx5i5lgeg47ds8/ring-5.jpg?dl=0','2020-07-09 11:58:02','2021-03-09 11:14:08'),(364,'https://www.dropbox.com/s/h43v8uaygdv7h0h/ring-2.jpg?dl=0','2020-05-02 00:54:08','2021-03-09 11:14:08'),(365,'https://www.dropbox.com/s/2c9qtb5b6lixgbl/ring.jpg?dl=0','2020-12-14 03:25:56','2021-03-09 11:14:08'),(366,'https://www.dropbox.com/s/qv9qak9txenga0v/ring-6.jpg?dl=0','2020-03-11 20:16:38','2021-03-09 11:14:08'),(367,'https://www.dropbox.com/s/qzx5i5lgeg47ds8/ring-5.jpg?dl=0','2020-05-27 20:28:28','2021-03-09 11:14:08'),(368,'https://www.dropbox.com/s/5pdfgrro253r8x9/ring-7.jpg?dl=0','2020-10-20 02:08:23','2021-03-09 11:14:08'),(369,'https://www.dropbox.com/s/nh3dnujt8l6fre7/ring-1.jpg?dl=0','2020-10-20 23:02:45','2021-03-09 11:14:08'),(370,'https://www.dropbox.com/s/hwzh2cmo7o8fx1o/ring-4.jpg?dl=0','2020-10-05 22:10:17','2021-03-09 11:14:08'),(371,'https://www.dropbox.com/s/hwzh2cmo7o8fx1o/ring-4.jpg?dl=0','2020-07-20 15:21:30','2021-03-09 11:14:08'),(372,'https://www.dropbox.com/s/nh3dnujt8l6fre7/ring-1.jpg?dl=0','2020-05-14 13:19:08','2021-03-09 11:14:08'),(373,'https://www.dropbox.com/s/hwzh2cmo7o8fx1o/ring-4.jpg?dl=0','2020-10-22 13:40:38','2021-03-09 11:14:08'),(374,'https://www.dropbox.com/s/qzx5i5lgeg47ds8/ring-5.jpg?dl=0','2020-05-02 15:01:40','2021-03-09 11:14:08'),(375,'https://www.dropbox.com/s/h43v8uaygdv7h0h/ring-2.jpg?dl=0','2020-06-30 08:38:09','2021-03-09 11:14:08'),(376,'https://www.dropbox.com/s/4oq3tqk1c3nkq97/ring-3.jpg?dl=0','2020-11-10 13:35:57','2021-03-09 11:14:08'),(377,'https://www.dropbox.com/s/hwzh2cmo7o8fx1o/ring-4.jpg?dl=0','2020-06-14 02:07:23','2021-03-09 11:14:08'),(378,'https://www.dropbox.com/s/2c9qtb5b6lixgbl/ring.jpg?dl=0','2020-10-07 20:06:00','2021-03-09 11:14:08'),(379,'https://www.dropbox.com/s/qv9qak9txenga0v/ring-6.jpg?dl=0','2020-10-13 11:41:43','2021-03-09 11:14:08'),(380,'https://www.dropbox.com/s/4oq3tqk1c3nkq97/ring-3.jpg?dl=0','2020-07-19 15:04:32','2021-03-09 11:14:08'),(381,'https://www.dropbox.com/s/h43v8uaygdv7h0h/ring-2.jpg?dl=0','2021-01-24 06:18:15','2021-03-09 11:14:08'),(382,'https://www.dropbox.com/s/nh3dnujt8l6fre7/ring-1.jpg?dl=0','2020-09-21 08:31:36','2021-03-09 11:14:08'),(383,'https://www.dropbox.com/s/nh3dnujt8l6fre7/ring-1.jpg?dl=0','2020-05-27 08:52:27','2021-03-09 11:14:08'),(384,'https://www.dropbox.com/s/hwzh2cmo7o8fx1o/ring-4.jpg?dl=0','2020-08-05 04:58:19','2021-03-09 11:14:08'),(385,'https://www.dropbox.com/s/qzx5i5lgeg47ds8/ring-5.jpg?dl=0','2020-10-23 17:26:47','2021-03-09 11:14:08'),(386,'https://www.dropbox.com/s/hwzh2cmo7o8fx1o/ring-4.jpg?dl=0','2020-05-16 18:15:14','2021-03-09 11:14:08'),(387,'https://www.dropbox.com/s/2c9qtb5b6lixgbl/ring.jpg?dl=0','2020-10-13 22:47:10','2021-03-09 11:14:08'),(388,'https://www.dropbox.com/s/5pdfgrro253r8x9/ring-7.jpg?dl=0','2020-04-24 12:43:26','2021-03-09 11:14:08'),(389,'https://www.dropbox.com/s/2c9qtb5b6lixgbl/ring.jpg?dl=0','2020-10-24 07:32:45','2021-03-09 11:14:08'),(390,'https://www.dropbox.com/s/hwzh2cmo7o8fx1o/ring-4.jpg?dl=0','2021-01-22 21:16:12','2021-03-09 11:14:08'),(391,'https://www.dropbox.com/s/hwzh2cmo7o8fx1o/ring-4.jpg?dl=0','2020-09-30 14:00:07','2021-03-09 11:14:08'),(392,'https://www.dropbox.com/s/4oq3tqk1c3nkq97/ring-3.jpg?dl=0','2020-07-30 10:35:51','2021-03-09 11:14:08'),(393,'https://www.dropbox.com/s/qv9qak9txenga0v/ring-6.jpg?dl=0','2020-11-11 15:00:13','2021-03-09 11:14:08'),(394,'https://www.dropbox.com/s/qv9qak9txenga0v/ring-6.jpg?dl=0','2020-07-31 18:43:13','2021-03-09 11:14:08'),(395,'https://www.dropbox.com/s/4oq3tqk1c3nkq97/ring-3.jpg?dl=0','2020-10-29 02:29:39','2021-03-09 11:14:08'),(396,'https://www.dropbox.com/s/4oq3tqk1c3nkq97/ring-3.jpg?dl=0','2020-04-09 19:05:39','2021-03-09 11:14:08'),(397,'https://www.dropbox.com/s/nh3dnujt8l6fre7/ring-1.jpg?dl=0','2021-02-09 08:38:14','2021-03-09 11:14:08'),(398,'https://www.dropbox.com/s/qzx5i5lgeg47ds8/ring-5.jpg?dl=0','2020-06-29 16:58:23','2021-03-09 11:14:08'),(399,'https://www.dropbox.com/s/hwzh2cmo7o8fx1o/ring-4.jpg?dl=0','2020-12-28 10:29:58','2021-03-09 11:14:08'),(400,'https://www.dropbox.com/s/qzx5i5lgeg47ds8/ring-5.jpg?dl=0','2020-08-04 16:00:10','2021-03-09 11:14:08'),(401,'https://www.dropbox.com/s/qv9qak9txenga0v/ring-6.jpg?dl=0','2021-02-26 17:57:37','2021-03-09 11:14:08'),(402,'https://www.dropbox.com/s/4oq3tqk1c3nkq97/ring-3.jpg?dl=0','2020-05-18 15:33:51','2021-03-09 11:14:08'),(403,'https://www.dropbox.com/s/2c9qtb5b6lixgbl/ring.jpg?dl=0','2020-04-04 11:03:36','2021-03-09 11:14:08'),(404,'https://www.dropbox.com/s/h43v8uaygdv7h0h/ring-2.jpg?dl=0','2020-08-14 23:27:17','2021-03-09 11:14:08'),(405,'https://www.dropbox.com/s/qzx5i5lgeg47ds8/ring-5.jpg?dl=0','2020-05-10 17:01:28','2021-03-09 11:14:08'),(406,'https://www.dropbox.com/s/h43v8uaygdv7h0h/ring-2.jpg?dl=0','2020-09-02 06:38:02','2021-03-09 11:14:08'),(407,'https://www.dropbox.com/s/2c9qtb5b6lixgbl/ring.jpg?dl=0','2020-03-23 10:09:36','2021-03-09 11:14:08'),(408,'https://www.dropbox.com/s/4oq3tqk1c3nkq97/ring-3.jpg?dl=0','2020-04-21 18:48:27','2021-03-09 11:14:08'),(409,'https://www.dropbox.com/s/qzx5i5lgeg47ds8/ring-5.jpg?dl=0','2021-01-23 02:44:42','2021-03-09 11:14:08'),(410,'https://www.dropbox.com/s/5pdfgrro253r8x9/ring-7.jpg?dl=0','2020-03-19 08:03:37','2021-03-09 11:14:08'),(411,'https://www.dropbox.com/s/5pdfgrro253r8x9/ring-7.jpg?dl=0','2020-06-10 11:12:07','2021-03-09 11:14:08'),(412,'https://www.dropbox.com/s/qzx5i5lgeg47ds8/ring-5.jpg?dl=0','2020-10-17 11:38:39','2021-03-09 11:14:08'),(413,'https://www.dropbox.com/s/nh3dnujt8l6fre7/ring-1.jpg?dl=0','2020-03-26 23:11:15','2021-03-09 11:14:08'),(414,'https://www.dropbox.com/s/4oq3tqk1c3nkq97/ring-3.jpg?dl=0','2021-02-19 13:04:42','2021-03-09 11:14:08'),(415,'https://www.dropbox.com/s/qv9qak9txenga0v/ring-6.jpg?dl=0','2020-06-17 11:50:50','2021-03-09 11:14:08'),(416,'https://www.dropbox.com/s/4oq3tqk1c3nkq97/ring-3.jpg?dl=0','2021-02-06 17:21:52','2021-03-09 11:14:08'),(417,'https://www.dropbox.com/s/nh3dnujt8l6fre7/ring-1.jpg?dl=0','2020-09-14 16:56:54','2021-03-09 11:14:08'),(418,'https://www.dropbox.com/s/h43v8uaygdv7h0h/ring-2.jpg?dl=0','2020-09-06 16:09:03','2021-03-09 11:14:08'),(419,'https://www.dropbox.com/s/5pdfgrro253r8x9/ring-7.jpg?dl=0','2020-08-24 11:55:16','2021-03-09 11:14:08'),(420,'https://www.dropbox.com/s/4oq3tqk1c3nkq97/ring-3.jpg?dl=0','2020-10-17 18:12:51','2021-03-09 11:14:08'),(421,'https://www.dropbox.com/s/2c9qtb5b6lixgbl/ring.jpg?dl=0','2020-10-30 18:14:16','2021-03-09 11:14:08'),(422,'https://www.dropbox.com/s/hwzh2cmo7o8fx1o/ring-4.jpg?dl=0','2020-06-14 05:16:15','2021-03-09 11:14:08'),(423,'https://www.dropbox.com/s/qv9qak9txenga0v/ring-6.jpg?dl=0','2020-10-29 05:24:48','2021-03-09 11:14:08'),(424,'https://www.dropbox.com/s/qzx5i5lgeg47ds8/ring-5.jpg?dl=0','2020-05-16 10:17:59','2021-03-09 11:14:08'),(425,'https://www.dropbox.com/s/nh3dnujt8l6fre7/ring-1.jpg?dl=0','2020-12-27 17:29:21','2021-03-09 11:14:08'),(426,'https://www.dropbox.com/s/4oq3tqk1c3nkq97/ring-3.jpg?dl=0','2021-01-29 23:52:16','2021-03-09 11:14:08'),(427,'https://www.dropbox.com/s/hwzh2cmo7o8fx1o/ring-4.jpg?dl=0','2020-08-20 18:40:01','2021-03-09 11:14:08'),(428,'https://www.dropbox.com/s/qv9qak9txenga0v/ring-6.jpg?dl=0','2020-09-04 12:16:27','2021-03-09 11:14:08'),(429,'https://www.dropbox.com/s/hwzh2cmo7o8fx1o/ring-4.jpg?dl=0','2020-05-13 01:45:38','2021-03-09 11:14:08'),(430,'https://www.dropbox.com/s/qv9qak9txenga0v/ring-6.jpg?dl=0','2020-10-15 16:27:54','2021-03-09 11:14:08'),(431,'https://www.dropbox.com/s/5pdfgrro253r8x9/ring-7.jpg?dl=0','2020-12-05 06:55:27','2021-03-09 11:14:08'),(432,'https://www.dropbox.com/s/h43v8uaygdv7h0h/ring-2.jpg?dl=0','2021-02-20 01:34:23','2021-03-09 11:14:08'),(433,'https://www.dropbox.com/s/hwzh2cmo7o8fx1o/ring-4.jpg?dl=0','2020-04-23 18:06:27','2021-03-09 11:14:08'),(434,'https://www.dropbox.com/s/qv9qak9txenga0v/ring-6.jpg?dl=0','2021-02-04 13:02:45','2021-03-09 11:14:08'),(435,'https://www.dropbox.com/s/hwzh2cmo7o8fx1o/ring-4.jpg?dl=0','2020-04-21 14:20:04','2021-03-09 11:14:08'),(436,'https://www.dropbox.com/s/nh3dnujt8l6fre7/ring-1.jpg?dl=0','2020-05-10 07:18:18','2021-03-09 11:14:08'),(437,'https://www.dropbox.com/s/5pdfgrro253r8x9/ring-7.jpg?dl=0','2020-03-25 17:33:10','2021-03-09 11:14:08'),(438,'https://www.dropbox.com/s/h43v8uaygdv7h0h/ring-2.jpg?dl=0','2020-07-04 00:35:55','2021-03-09 11:14:08'),(439,'https://www.dropbox.com/s/qv9qak9txenga0v/ring-6.jpg?dl=0','2020-06-14 08:52:13','2021-03-09 11:14:08'),(440,'https://www.dropbox.com/s/qv9qak9txenga0v/ring-6.jpg?dl=0','2021-01-14 10:55:46','2021-03-09 11:14:08'),(441,'https://www.dropbox.com/s/5pdfgrro253r8x9/ring-7.jpg?dl=0','2020-12-13 07:54:09','2021-03-09 11:14:08'),(442,'https://www.dropbox.com/s/qv9qak9txenga0v/ring-6.jpg?dl=0','2020-09-19 19:32:33','2021-03-09 11:14:08'),(443,'https://www.dropbox.com/s/qv9qak9txenga0v/ring-6.jpg?dl=0','2020-12-28 20:34:51','2021-03-09 11:14:08'),(444,'https://www.dropbox.com/s/qzx5i5lgeg47ds8/ring-5.jpg?dl=0','2020-09-07 09:07:17','2021-03-09 11:14:08'),(445,'https://www.dropbox.com/s/2c9qtb5b6lixgbl/ring.jpg?dl=0','2020-12-05 21:02:10','2021-03-09 11:14:08'),(446,'https://www.dropbox.com/s/hwzh2cmo7o8fx1o/ring-4.jpg?dl=0','2020-03-15 06:51:46','2021-03-09 11:14:08'),(447,'https://www.dropbox.com/s/5pdfgrro253r8x9/ring-7.jpg?dl=0','2020-07-25 21:26:19','2021-03-09 11:14:08'),(448,'https://www.dropbox.com/s/2c9qtb5b6lixgbl/ring.jpg?dl=0','2021-02-07 20:56:02','2021-03-09 11:14:08'),(449,'https://www.dropbox.com/s/4oq3tqk1c3nkq97/ring-3.jpg?dl=0','2020-05-15 08:21:14','2021-03-09 11:14:08'),(450,'https://www.dropbox.com/s/5pdfgrro253r8x9/ring-7.jpg?dl=0','2021-01-26 23:31:44','2021-03-09 11:14:08'),(451,'https://www.dropbox.com/s/qv9qak9txenga0v/ring-6.jpg?dl=0','2021-01-11 12:19:02','2021-03-09 11:14:08'),(452,'https://www.dropbox.com/s/4oq3tqk1c3nkq97/ring-3.jpg?dl=0','2020-12-15 12:23:17','2021-03-09 11:14:08'),(453,'https://www.dropbox.com/s/2c9qtb5b6lixgbl/ring.jpg?dl=0','2020-03-25 12:24:15','2021-03-09 11:14:08'),(454,'https://www.dropbox.com/s/4oq3tqk1c3nkq97/ring-3.jpg?dl=0','2020-12-23 08:41:52','2021-03-09 11:14:08'),(455,'https://www.dropbox.com/s/hwzh2cmo7o8fx1o/ring-4.jpg?dl=0','2020-05-23 21:24:33','2021-03-09 11:14:08'),(456,'https://www.dropbox.com/s/4oq3tqk1c3nkq97/ring-3.jpg?dl=0','2020-03-19 13:05:13','2021-03-09 11:14:08'),(457,'https://www.dropbox.com/s/hwzh2cmo7o8fx1o/ring-4.jpg?dl=0','2020-08-05 09:26:45','2021-03-09 11:14:08'),(458,'https://www.dropbox.com/s/4oq3tqk1c3nkq97/ring-3.jpg?dl=0','2020-06-23 20:45:05','2021-03-09 11:14:08'),(459,'https://www.dropbox.com/s/hwzh2cmo7o8fx1o/ring-4.jpg?dl=0','2021-02-13 04:18:17','2021-03-09 11:14:08'),(460,'https://www.dropbox.com/s/hwzh2cmo7o8fx1o/ring-4.jpg?dl=0','2020-06-03 08:05:31','2021-03-09 11:14:08'),(461,'https://www.dropbox.com/s/qv9qak9txenga0v/ring-6.jpg?dl=0','2021-01-16 03:18:12','2021-03-09 11:14:08'),(462,'https://www.dropbox.com/s/nh3dnujt8l6fre7/ring-1.jpg?dl=0','2021-02-03 02:58:12','2021-03-09 11:14:08'),(463,'https://www.dropbox.com/s/h43v8uaygdv7h0h/ring-2.jpg?dl=0','2020-04-06 10:50:34','2021-03-09 11:14:08'),(464,'https://www.dropbox.com/s/qv9qak9txenga0v/ring-6.jpg?dl=0','2020-08-19 13:42:32','2021-03-09 11:14:08'),(465,'https://www.dropbox.com/s/5pdfgrro253r8x9/ring-7.jpg?dl=0','2020-11-25 13:58:42','2021-03-09 11:14:08'),(466,'https://www.dropbox.com/s/h43v8uaygdv7h0h/ring-2.jpg?dl=0','2020-12-12 16:06:42','2021-03-09 11:14:08'),(467,'https://www.dropbox.com/s/hwzh2cmo7o8fx1o/ring-4.jpg?dl=0','2020-07-01 16:46:11','2021-03-09 11:14:08'),(468,'https://www.dropbox.com/s/h43v8uaygdv7h0h/ring-2.jpg?dl=0','2021-01-10 15:23:01','2021-03-09 11:14:08'),(469,'https://www.dropbox.com/s/h43v8uaygdv7h0h/ring-2.jpg?dl=0','2020-07-31 02:35:58','2021-03-09 11:14:08'),(470,'https://www.dropbox.com/s/4oq3tqk1c3nkq97/ring-3.jpg?dl=0','2020-05-10 17:59:11','2021-03-09 11:14:08'),(471,'https://www.dropbox.com/s/2c9qtb5b6lixgbl/ring.jpg?dl=0','2020-06-10 18:22:22','2021-03-09 11:14:08'),(472,'https://www.dropbox.com/s/h43v8uaygdv7h0h/ring-2.jpg?dl=0','2020-09-18 09:58:10','2021-03-09 11:14:08'),(473,'https://www.dropbox.com/s/2c9qtb5b6lixgbl/ring.jpg?dl=0','2020-12-31 18:21:28','2021-03-09 11:14:08'),(474,'https://www.dropbox.com/s/nh3dnujt8l6fre7/ring-1.jpg?dl=0','2020-08-08 04:06:10','2021-03-09 11:14:08'),(475,'https://www.dropbox.com/s/qzx5i5lgeg47ds8/ring-5.jpg?dl=0','2021-02-04 18:54:50','2021-03-09 11:14:08'),(476,'https://www.dropbox.com/s/h43v8uaygdv7h0h/ring-2.jpg?dl=0','2020-06-28 19:42:56','2021-03-09 11:14:08'),(477,'https://www.dropbox.com/s/5pdfgrro253r8x9/ring-7.jpg?dl=0','2020-08-11 00:30:11','2021-03-09 11:14:08'),(478,'https://www.dropbox.com/s/h43v8uaygdv7h0h/ring-2.jpg?dl=0','2020-04-02 07:12:42','2021-03-09 11:14:08'),(479,'https://www.dropbox.com/s/5pdfgrro253r8x9/ring-7.jpg?dl=0','2021-01-13 06:38:11','2021-03-09 11:14:08'),(480,'https://www.dropbox.com/s/2c9qtb5b6lixgbl/ring.jpg?dl=0','2020-09-02 10:38:07','2021-03-09 11:14:08'),(481,'https://www.dropbox.com/s/5pdfgrro253r8x9/ring-7.jpg?dl=0','2020-04-08 16:12:55','2021-03-09 11:14:08'),(482,'https://www.dropbox.com/s/2c9qtb5b6lixgbl/ring.jpg?dl=0','2021-02-27 16:59:03','2021-03-09 11:14:08'),(483,'https://www.dropbox.com/s/qzx5i5lgeg47ds8/ring-5.jpg?dl=0','2020-11-12 08:03:45','2021-03-09 11:14:08'),(484,'https://www.dropbox.com/s/hwzh2cmo7o8fx1o/ring-4.jpg?dl=0','2020-05-25 17:31:55','2021-03-09 11:14:08'),(485,'https://www.dropbox.com/s/4oq3tqk1c3nkq97/ring-3.jpg?dl=0','2020-10-24 04:07:02','2021-03-09 11:14:08'),(486,'https://www.dropbox.com/s/2c9qtb5b6lixgbl/ring.jpg?dl=0','2020-07-19 05:54:16','2021-03-09 11:14:08'),(487,'https://www.dropbox.com/s/nh3dnujt8l6fre7/ring-1.jpg?dl=0','2020-04-30 06:12:22','2021-03-09 11:14:08'),(488,'https://www.dropbox.com/s/5pdfgrro253r8x9/ring-7.jpg?dl=0','2020-05-15 09:56:21','2021-03-09 11:14:08'),(489,'https://www.dropbox.com/s/h43v8uaygdv7h0h/ring-2.jpg?dl=0','2020-12-22 05:01:27','2021-03-09 11:14:08'),(490,'https://www.dropbox.com/s/5pdfgrro253r8x9/ring-7.jpg?dl=0','2020-08-04 08:20:20','2021-03-09 11:14:08'),(491,'https://www.dropbox.com/s/qzx5i5lgeg47ds8/ring-5.jpg?dl=0','2020-10-29 22:41:52','2021-03-09 11:14:08'),(492,'https://www.dropbox.com/s/4oq3tqk1c3nkq97/ring-3.jpg?dl=0','2020-10-17 12:52:16','2021-03-09 11:14:08'),(493,'https://www.dropbox.com/s/qv9qak9txenga0v/ring-6.jpg?dl=0','2020-05-31 07:29:58','2021-03-09 11:14:08'),(494,'https://www.dropbox.com/s/5pdfgrro253r8x9/ring-7.jpg?dl=0','2020-09-15 23:26:11','2021-03-09 11:14:08'),(495,'https://www.dropbox.com/s/nh3dnujt8l6fre7/ring-1.jpg?dl=0','2020-08-06 13:28:05','2021-03-09 11:14:08'),(496,'https://www.dropbox.com/s/h43v8uaygdv7h0h/ring-2.jpg?dl=0','2020-06-16 17:26:49','2021-03-09 11:14:08'),(497,'https://www.dropbox.com/s/hwzh2cmo7o8fx1o/ring-4.jpg?dl=0','2020-04-24 16:55:33','2021-03-09 11:14:08'),(498,'https://www.dropbox.com/s/nh3dnujt8l6fre7/ring-1.jpg?dl=0','2020-10-17 11:45:13','2021-03-09 11:14:08'),(499,'https://www.dropbox.com/s/h43v8uaygdv7h0h/ring-2.jpg?dl=0','2020-11-18 19:00:38','2021-03-09 11:14:08'),(500,'https://www.dropbox.com/s/h43v8uaygdv7h0h/ring-2.jpg?dl=0','2021-02-20 19:18:41','2021-03-09 11:14:08');
/*!40000 ALTER TABLE `images` ENABLE KEYS */;
UNLOCK TABLES;

--
-- Table structure for table `inserts`
--

DROP TABLE IF EXISTS `inserts`;
/*!40101 SET @saved_cs_client     = @@character_set_client */;
/*!50503 SET character_set_client = utf8mb4 */;
CREATE TABLE `inserts` (
  `id` int unsigned NOT NULL AUTO_INCREMENT,
  `name` varchar(128) COLLATE utf8_bin DEFAULT 'Без вставки',
  `alias_name` varchar(128) COLLATE utf8_bin DEFAULT NULL,
  PRIMARY KEY (`id`)
) ENGINE=InnoDB AUTO_INCREMENT=7 DEFAULT CHARSET=utf8 COLLATE=utf8_bin COMMENT='Вставка(материал) для изделия';
/*!40101 SET character_set_client = @saved_cs_client */;

--
-- Dumping data for table `inserts`
--

LOCK TABLES `inserts` WRITE;
/*!40000 ALTER TABLE `inserts` DISABLE KEYS */;
INSERT INTO `inserts` VALUES (1,'Бриллиант',NULL),(2,'Агат',NULL),(3,'Изумруд',NULL),(4,'Сапфир',NULL),(5,'Сваровски',NULL),(6,'Рубин',NULL);
/*!40000 ALTER TABLE `inserts` ENABLE KEYS */;
UNLOCK TABLES;

--
-- Table structure for table `materials`
--

DROP TABLE IF EXISTS `materials`;
/*!40101 SET @saved_cs_client     = @@character_set_client */;
/*!50503 SET character_set_client = utf8mb4 */;
CREATE TABLE `materials` (
  `id` int unsigned NOT NULL AUTO_INCREMENT,
  `name` varchar(128) COLLATE utf8_bin NOT NULL,
  `alias_name` varchar(128) COLLATE utf8_bin DEFAULT NULL,
  PRIMARY KEY (`id`)
) ENGINE=InnoDB AUTO_INCREMENT=5 DEFAULT CHARSET=utf8 COLLATE=utf8_bin COMMENT='Материал изделия';
/*!40101 SET character_set_client = @saved_cs_client */;

--
-- Dumping data for table `materials`
--

LOCK TABLES `materials` WRITE;
/*!40000 ALTER TABLE `materials` DISABLE KEYS */;
INSERT INTO `materials` VALUES (1,'Белое золото',NULL),(2,'Золото',NULL),(3,'Платина',NULL),(4,'Серебро',NULL);
/*!40000 ALTER TABLE `materials` ENABLE KEYS */;
UNLOCK TABLES;

--
-- Table structure for table `orders`
--

DROP TABLE IF EXISTS `orders`;
/*!40101 SET @saved_cs_client     = @@character_set_client */;
/*!50503 SET character_set_client = utf8mb4 */;
CREATE TABLE `orders` (
  `id` int unsigned NOT NULL AUTO_INCREMENT,
  `user_id` int unsigned NOT NULL,
  `created_at` datetime DEFAULT CURRENT_TIMESTAMP,
  `update_at` datetime DEFAULT CURRENT_TIMESTAMP ON UPDATE CURRENT_TIMESTAMP,
  PRIMARY KEY (`id`),
  KEY `order_user_id_fk` (`user_id`),
  CONSTRAINT `order_user_id_fk` FOREIGN KEY (`user_id`) REFERENCES `users` (`id`) ON DELETE CASCADE
) ENGINE=InnoDB AUTO_INCREMENT=21 DEFAULT CHARSET=utf8mb4 COLLATE=utf8mb4_unicode_ci;
/*!40101 SET character_set_client = @saved_cs_client */;

--
-- Dumping data for table `orders`
--

LOCK TABLES `orders` WRITE;
/*!40000 ALTER TABLE `orders` DISABLE KEYS */;
INSERT INTO `orders` VALUES (1,31,'2020-07-07 22:38:56','2021-03-09 11:20:36'),(2,52,'2020-08-09 05:00:21','2021-03-09 11:20:36'),(3,67,'2020-11-23 11:58:12','2021-03-09 11:20:36'),(4,77,'2021-01-29 13:33:28','2021-03-09 11:20:36'),(5,83,'2020-04-12 01:10:59','2021-03-09 11:20:36'),(6,86,'2021-01-14 06:29:42','2021-03-09 11:20:36'),(7,80,'2020-07-19 15:24:17','2021-03-09 11:20:36'),(8,42,'2020-07-19 07:37:49','2021-03-09 11:20:36'),(9,69,'2020-10-15 21:05:02','2021-03-09 11:20:36'),(10,18,'2021-01-31 19:50:45','2021-03-09 11:20:36'),(11,85,'2020-12-03 05:35:56','2021-03-09 11:20:36'),(12,68,'2020-08-19 11:01:54','2021-03-09 11:20:36'),(13,85,'2020-03-16 19:58:39','2021-03-09 11:20:36'),(14,21,'2020-06-30 17:33:34','2021-03-09 11:20:36'),(15,50,'2021-02-15 19:00:59','2021-03-09 11:20:36'),(16,88,'2020-04-08 04:25:06','2021-03-09 11:20:36'),(17,88,'2020-03-31 20:40:30','2021-03-09 11:20:36'),(18,75,'2020-12-06 09:32:02','2021-03-09 11:20:36'),(19,11,'2020-04-28 13:45:17','2021-03-09 11:20:36'),(20,30,'2020-05-09 20:45:06','2021-03-09 11:20:36');
/*!40000 ALTER TABLE `orders` ENABLE KEYS */;
UNLOCK TABLES;

--
-- Table structure for table `orders_product`
--

DROP TABLE IF EXISTS `orders_product`;
/*!40101 SET @saved_cs_client     = @@character_set_client */;
/*!50503 SET character_set_client = utf8mb4 */;
CREATE TABLE `orders_product` (
  `id` int unsigned NOT NULL AUTO_INCREMENT,
  `order_id` int unsigned NOT NULL,
  `product_id` int unsigned NOT NULL,
  `total` int unsigned DEFAULT '1',
  `created_at` datetime DEFAULT CURRENT_TIMESTAMP,
  `update_at` datetime DEFAULT CURRENT_TIMESTAMP ON UPDATE CURRENT_TIMESTAMP,
  PRIMARY KEY (`id`),
  KEY `orders_product_order_id_fk` (`order_id`),
  KEY `orders_product_product_id_fk` (`product_id`),
  CONSTRAINT `orders_product_order_id_fk` FOREIGN KEY (`order_id`) REFERENCES `orders` (`id`) ON DELETE CASCADE,
  CONSTRAINT `orders_product_product_id_fk` FOREIGN KEY (`product_id`) REFERENCES `products` (`id`) ON DELETE CASCADE
) ENGINE=InnoDB AUTO_INCREMENT=21 DEFAULT CHARSET=utf8mb4 COLLATE=utf8mb4_unicode_ci;
/*!40101 SET character_set_client = @saved_cs_client */;

--
-- Dumping data for table `orders_product`
--

LOCK TABLES `orders_product` WRITE;
/*!40000 ALTER TABLE `orders_product` DISABLE KEYS */;
INSERT INTO `orders_product` VALUES (1,6,156,1,'2021-02-18 09:39:39','2021-02-20 10:23:13'),(2,2,428,1,'2021-02-22 17:40:28','2021-03-09 11:23:33'),(3,8,192,1,'2021-02-09 04:32:28','2021-03-09 11:23:33'),(4,17,19,2,'2021-03-03 23:58:44','2021-03-09 11:23:11'),(5,14,479,2,'2021-02-19 14:53:01','2021-03-09 11:23:33'),(6,17,491,2,'2021-02-13 20:13:03','2021-03-09 11:23:33'),(7,8,356,1,'2021-02-06 14:10:47','2021-03-09 11:23:33'),(8,5,402,2,'2021-03-01 13:56:52','2021-03-09 11:23:11'),(9,8,486,1,'2021-02-07 13:21:02','2021-02-10 08:07:10'),(10,9,451,2,'2021-02-16 13:18:28','2021-03-09 11:23:33'),(11,18,82,1,'2021-03-04 04:51:08','2021-02-22 13:16:36'),(12,8,360,2,'2021-02-18 07:23:53','2021-03-09 11:23:33'),(13,17,374,1,'2021-02-11 14:33:53','2021-03-09 11:23:33'),(14,17,203,1,'2021-03-03 18:29:23','2021-03-09 11:23:33'),(15,2,195,2,'2021-02-20 19:32:43','2021-03-09 11:23:33'),(16,8,245,2,'2021-02-26 16:27:04','2021-03-09 11:23:33'),(17,13,417,2,'2021-02-09 23:46:42','2021-03-09 11:23:33'),(18,17,316,1,'2021-02-05 23:34:24','2021-03-09 11:23:33'),(19,7,18,2,'2021-02-10 07:14:45','2021-03-09 11:23:11'),(20,1,168,2,'2021-02-16 13:34:09','2021-03-09 11:23:33');
/*!40000 ALTER TABLE `orders_product` ENABLE KEYS */;
UNLOCK TABLES;
/*!50003 SET @saved_cs_client      = @@character_set_client */ ;
/*!50003 SET @saved_cs_results     = @@character_set_results */ ;
/*!50003 SET @saved_col_connection = @@collation_connection */ ;
/*!50003 SET character_set_client  = utf8mb4 */ ;
/*!50003 SET character_set_results = utf8mb4 */ ;
/*!50003 SET collation_connection  = utf8mb4_0900_ai_ci */ ;
/*!50003 SET @saved_sql_mode       = @@sql_mode */ ;
/*!50003 SET sql_mode              = 'STRICT_TRANS_TABLES,NO_ENGINE_SUBSTITUTION' */ ;
DELIMITER ;;
/*!50003 CREATE*/ /*!50017 DEFINER=`root`@`localhost`*/ /*!50003 TRIGGER `validate_order_on_insert` BEFORE INSERT ON `orders_product` FOR EACH ROW BEGIN
  IF NEW.product_id IN(SELECT id FROM products WHERE total = 0) THEN
    SIGNAL SQLSTATE '45000'
    SET MESSAGE_TEXT = 'Товар отсутствует';
  END IF;
END */;;
DELIMITER ;
/*!50003 SET sql_mode              = @saved_sql_mode */ ;
/*!50003 SET character_set_client  = @saved_cs_client */ ;
/*!50003 SET character_set_results = @saved_cs_results */ ;
/*!50003 SET collation_connection  = @saved_col_connection */ ;

--
-- Temporary view structure for view `product_with_discount`
--

DROP TABLE IF EXISTS `product_with_discount`;
/*!50001 DROP VIEW IF EXISTS `product_with_discount`*/;
SET @saved_cs_client     = @@character_set_client;
/*!50503 SET character_set_client = utf8mb4 */;
/*!50001 CREATE VIEW `product_with_discount` AS SELECT 
 1 AS `category`,
 1 AS `brand`,
 1 AS `price`,
 1 AS `price_with_discount`*/;
SET character_set_client = @saved_cs_client;

--
-- Table structure for table `products`
--

DROP TABLE IF EXISTS `products`;
/*!40101 SET @saved_cs_client     = @@character_set_client */;
/*!50503 SET character_set_client = utf8mb4 */;
CREATE TABLE `products` (
  `id` int unsigned NOT NULL AUTO_INCREMENT,
  `brand_id` int unsigned NOT NULL,
  `category_type_id` int unsigned NOT NULL,
  `category_id` int unsigned NOT NULL,
  `material_id` int unsigned NOT NULL,
  `size_id` int unsigned DEFAULT '0',
  `insert_id` int unsigned NOT NULL,
  `price` decimal(10,2) NOT NULL,
  `total` int unsigned DEFAULT NULL,
  `alias_name` varchar(128) CHARACTER SET utf8mb4 COLLATE utf8mb4_unicode_ci DEFAULT NULL,
  `created_at` datetime DEFAULT CURRENT_TIMESTAMP,
  `update_at` datetime DEFAULT CURRENT_TIMESTAMP ON UPDATE CURRENT_TIMESTAMP,
  PRIMARY KEY (`id`),
  KEY `product_brand_id_fk` (`brand_id`),
  KEY `product_category_type_id_fk` (`category_type_id`),
  KEY `product_category_id_fk` (`category_id`),
  KEY `product_material_id_fk` (`material_id`),
  KEY `product_size_id_fk` (`size_id`),
  KEY `product_insert_id_fk` (`insert_id`),
  KEY `product_price_uq` (`price`),
  CONSTRAINT `product_brand_id_fk` FOREIGN KEY (`brand_id`) REFERENCES `brands` (`id`) ON DELETE CASCADE,
  CONSTRAINT `product_category_id_fk` FOREIGN KEY (`category_id`) REFERENCES `categories` (`id`) ON DELETE CASCADE,
  CONSTRAINT `product_category_type_id_fk` FOREIGN KEY (`category_type_id`) REFERENCES `categories_types` (`id`) ON DELETE CASCADE,
  CONSTRAINT `product_insert_id_fk` FOREIGN KEY (`insert_id`) REFERENCES `inserts` (`id`) ON DELETE CASCADE,
  CONSTRAINT `product_material_id_fk` FOREIGN KEY (`material_id`) REFERENCES `materials` (`id`) ON DELETE CASCADE
) ENGINE=InnoDB AUTO_INCREMENT=501 DEFAULT CHARSET=utf8mb4 COLLATE=utf8mb4_unicode_ci;
/*!40101 SET character_set_client = @saved_cs_client */;

--
-- Dumping data for table `products`
--

LOCK TABLES `products` WRITE;
/*!40000 ALTER TABLE `products` DISABLE KEYS */;
INSERT INTO `products` VALUES (1,6,8,9,3,0,5,89567.16,2,'veritatis','2020-04-07 19:25:47','2021-03-09 16:41:10'),(2,2,7,4,3,0,5,66079.14,2,'fugiat','2020-09-08 06:10:15','2021-03-09 16:41:10'),(3,7,1,4,2,11,2,33924.93,0,'et','2020-08-05 15:23:46','2021-03-09 13:50:28'),(4,7,7,2,4,0,6,4362.64,1,'qui','2020-09-16 15:56:05','2021-03-09 16:41:10'),(5,4,1,6,2,6,4,84378.01,2,'alias','2020-08-10 02:53:28','2021-03-09 13:50:28'),(6,3,5,7,1,44,5,50835.87,3,'corporis','2021-01-07 18:01:48','2021-03-09 13:50:28'),(7,2,1,3,1,12,3,22980.24,0,'magni','2020-12-08 02:07:12','2021-03-09 13:50:28'),(8,3,4,7,1,36,6,71790.92,1,'id','2020-04-21 18:35:16','2021-03-09 13:50:28'),(9,3,5,3,4,48,2,39589.11,1,'natus','2020-08-14 20:55:31','2021-03-09 13:50:28'),(10,4,4,5,1,34,1,37638.03,0,'ut','2020-05-08 19:35:25','2021-03-09 13:50:28'),(11,1,4,7,4,27,6,98519.17,0,'ea','2021-02-27 19:24:12','2021-03-09 13:50:28'),(12,7,1,6,3,9,5,5865.26,3,'repudiandae','2021-01-08 06:50:26','2021-03-09 13:50:28'),(13,2,2,2,1,23,2,50501.92,0,'est','2020-04-15 09:32:25','2021-03-09 13:50:28'),(14,6,7,8,4,0,3,31206.89,1,'totam','2020-07-10 05:50:46','2021-03-09 16:41:10'),(15,5,4,2,1,26,6,51752.50,0,'ea','2020-11-13 10:32:19','2021-03-09 13:50:28'),(16,1,7,8,2,0,2,39995.16,2,'atque','2020-03-21 12:44:48','2021-03-09 16:41:10'),(17,1,8,7,4,0,3,8686.89,0,'aut','2021-02-11 07:18:07','2021-03-09 16:41:10'),(18,6,1,1,2,2,5,13265.20,0,'corrupti','2020-10-13 12:23:45','2021-03-09 13:50:28'),(19,3,7,8,2,0,5,90736.97,1,'vel','2021-01-29 16:31:32','2021-03-09 16:41:10'),(20,7,4,10,3,28,2,17561.91,0,'doloribus','2021-02-02 01:58:17','2021-03-09 13:50:28'),(21,3,2,5,1,15,2,25851.51,3,'rerum','2020-05-03 05:03:05','2021-03-09 13:50:28'),(22,2,8,5,1,0,5,59811.59,0,'eum','2020-11-02 06:14:49','2021-03-09 16:41:10'),(23,4,4,2,2,35,4,77700.98,3,'nulla','2020-06-17 22:01:32','2021-03-09 13:50:28'),(24,1,6,9,2,59,2,31952.32,1,'nemo','2021-02-01 13:44:17','2021-03-09 13:50:28'),(25,2,2,3,3,22,1,96142.05,2,'molestias','2020-08-22 04:39:37','2021-03-09 13:45:13'),(26,5,2,5,1,14,2,15459.99,2,'magni','2020-07-22 06:05:22','2021-03-09 13:50:28'),(27,5,4,8,1,29,4,74846.14,2,'dolores','2020-03-09 19:22:26','2021-03-09 13:50:28'),(28,3,1,8,4,7,3,40570.30,1,'est','2020-08-29 22:28:16','2021-03-09 13:50:28'),(29,4,3,8,2,0,5,61670.62,2,'exercitationem','2020-11-18 14:18:41','2021-03-09 16:41:10'),(30,1,3,6,4,0,6,73355.15,2,'minus','2020-10-02 11:19:43','2021-03-09 16:41:10'),(31,3,5,2,1,44,3,89677.07,2,'aliquam','2020-12-15 16:26:15','2021-03-09 13:50:28'),(32,6,5,4,2,42,1,75104.70,2,'corrupti','2020-07-26 18:55:07','2021-03-09 13:50:28'),(33,2,2,2,4,18,6,91230.19,0,'consectetur','2020-04-24 01:53:58','2021-03-09 13:50:28'),(34,2,8,3,4,0,5,13144.03,1,'molestias','2021-02-19 09:20:51','2021-03-09 16:41:10'),(35,3,2,10,4,23,3,28691.21,3,'temporibus','2020-08-10 23:32:21','2021-03-09 13:50:28'),(36,4,1,9,2,1,5,20469.34,0,'eaque','2020-07-01 14:14:46','2021-03-09 13:50:28'),(37,6,3,8,1,0,3,1710.32,3,'nisi','2020-04-21 15:06:23','2021-03-09 16:41:10'),(38,4,8,10,4,0,4,97841.72,3,'aut','2021-01-24 11:05:31','2021-03-09 16:41:10'),(39,1,4,5,1,30,4,84948.34,0,'accusantium','2020-03-08 12:36:39','2021-03-09 13:50:28'),(40,3,3,6,1,0,6,88254.03,2,'consequatur','2020-03-31 18:19:50','2021-03-09 16:41:10'),(41,3,6,10,2,53,2,9395.38,3,'voluptas','2020-12-06 11:23:36','2021-03-09 13:50:28'),(42,5,5,7,1,41,6,77559.91,3,'et','2020-09-26 10:46:42','2021-03-09 13:50:28'),(43,6,2,2,1,22,1,62286.11,3,'molestiae','2020-08-08 21:28:20','2021-03-09 13:50:28'),(44,1,1,4,2,12,2,59353.05,3,'aliquam','2020-07-11 14:03:12','2021-03-09 13:50:28'),(45,5,1,4,2,6,1,7969.36,2,'provident','2021-02-21 23:31:01','2021-03-09 13:50:28'),(46,4,1,9,1,4,4,20350.46,1,'non','2020-07-25 20:18:09','2021-03-09 13:50:28'),(47,4,4,9,3,36,5,54953.49,2,'laborum','2020-08-07 14:15:06','2021-03-09 13:50:28'),(48,1,6,9,3,49,6,65389.20,0,'esse','2020-08-07 22:59:19','2021-03-09 13:50:28'),(49,5,4,10,2,27,5,2217.30,0,'sapiente','2020-11-25 09:32:32','2021-03-09 13:50:28'),(50,6,6,9,4,59,2,6321.88,1,'quis','2021-02-04 15:32:08','2021-03-09 13:50:28'),(51,1,1,6,4,12,2,90279.53,1,'ut','2020-08-26 23:15:23','2021-03-09 13:50:28'),(52,3,3,3,1,0,4,85771.92,0,'dolor','2020-07-28 23:00:28','2021-03-09 16:41:10'),(53,1,8,6,1,0,5,41583.82,2,'officiis','2020-09-16 14:45:20','2021-03-09 16:41:10'),(54,4,8,9,1,0,5,97743.92,1,'at','2020-07-28 17:07:49','2021-03-09 16:41:10'),(55,3,8,10,4,0,4,48300.08,0,'ipsam','2021-02-06 11:36:48','2021-03-09 16:41:10'),(56,5,7,6,2,0,1,81320.73,0,'atque','2020-05-15 14:56:10','2021-03-09 16:41:10'),(57,4,3,2,3,0,5,11615.68,1,'quia','2021-01-12 09:51:01','2021-03-09 16:41:10'),(58,5,5,8,3,39,2,82043.68,3,'molestiae','2020-10-12 21:30:25','2021-03-09 13:50:28'),(59,2,7,6,3,0,5,46262.49,2,'dolor','2020-05-04 09:09:15','2021-03-09 16:41:10'),(60,2,1,3,1,12,1,25753.95,2,'dignissimos','2020-03-31 02:13:32','2021-03-09 13:45:13'),(61,4,1,9,2,3,6,70961.74,3,'sint','2020-03-30 19:27:22','2021-03-09 13:50:28'),(62,7,7,9,2,0,6,53592.96,1,'labore','2020-03-05 22:01:33','2021-03-09 16:41:10'),(63,4,7,10,3,0,3,59007.10,3,'neque','2021-01-03 10:28:22','2021-03-09 16:41:10'),(64,6,7,1,1,0,4,69156.51,2,'ullam','2020-12-20 22:02:55','2021-03-09 16:41:10'),(65,1,1,3,2,1,3,10725.72,1,'quidem','2020-05-29 01:28:22','2021-03-09 13:45:13'),(66,7,3,5,4,0,1,73954.74,0,'non','2020-05-14 03:55:34','2021-03-09 16:41:10'),(67,2,6,4,4,56,3,30875.48,0,'ab','2020-08-26 09:33:26','2021-03-09 13:50:28'),(68,6,8,5,4,0,1,82019.85,0,'incidunt','2020-11-28 13:16:40','2021-03-09 16:41:10'),(69,3,1,9,2,12,1,56566.50,1,'quidem','2021-01-01 02:19:07','2021-03-09 13:50:28'),(70,6,2,9,1,14,2,15346.33,1,'sed','2021-02-11 22:34:36','2021-03-09 13:50:28'),(71,6,2,4,1,20,1,61893.35,2,'harum','2020-04-10 20:51:46','2021-03-09 13:50:28'),(72,5,4,8,2,32,4,12889.15,2,'velit','2020-08-11 20:56:43','2021-03-09 13:50:28'),(73,6,4,10,4,30,3,79542.74,3,'eligendi','2021-01-19 09:42:07','2021-03-09 13:50:28'),(74,4,2,9,1,15,2,86956.74,2,'ut','2020-03-17 17:45:37','2021-03-09 13:50:28'),(75,7,2,7,2,21,6,39390.54,0,'perferendis','2020-06-09 23:12:00','2021-03-09 13:50:28'),(76,5,7,9,1,0,5,72213.15,3,'numquam','2020-11-05 03:50:18','2021-03-09 16:41:10'),(77,4,4,1,3,34,3,62446.57,3,'doloremque','2020-12-09 12:34:53','2021-03-09 13:50:28'),(78,4,1,4,1,2,5,89775.94,1,'ut','2020-08-11 00:46:58','2021-03-09 13:50:28'),(79,7,6,4,2,50,6,52897.31,1,'vel','2020-09-02 18:55:14','2021-03-09 13:50:28'),(80,2,1,7,1,2,5,74718.34,1,'eius','2020-07-07 02:48:56','2021-03-09 13:50:28'),(81,3,5,8,3,40,2,7189.01,0,'soluta','2020-10-16 05:59:38','2021-03-09 13:50:28'),(82,1,2,6,3,14,1,3986.66,2,'reprehenderit','2020-04-28 05:48:16','2021-03-09 13:50:28'),(83,4,3,5,4,0,1,73474.27,0,'est','2021-01-26 22:13:02','2021-03-09 16:41:10'),(84,3,3,8,2,0,4,53019.32,0,'cum','2020-08-05 11:53:57','2021-03-09 16:41:10'),(85,5,8,9,1,0,5,5374.80,2,'aut','2020-10-30 22:24:12','2021-03-09 16:41:10'),(86,4,8,9,4,0,3,85667.37,1,'nihil','2021-01-03 04:24:42','2021-03-09 16:41:10'),(87,2,3,8,4,0,3,15362.79,3,'voluptatem','2020-09-21 16:15:58','2021-03-09 16:41:10'),(88,2,7,4,1,0,5,81321.75,3,'soluta','2020-12-20 19:56:31','2021-03-09 16:41:10'),(89,3,4,8,1,34,5,38314.87,0,'dolores','2020-10-09 00:36:51','2021-03-09 13:50:28'),(90,5,5,10,2,45,4,16445.57,0,'et','2020-08-19 19:44:49','2021-03-09 13:50:28'),(91,7,8,3,1,0,4,93988.09,1,'odit','2020-03-09 11:47:56','2021-03-09 16:41:10'),(92,2,3,9,3,0,4,54613.26,2,'adipisci','2020-04-21 20:38:57','2021-03-09 16:41:10'),(93,5,4,6,4,35,2,38988.58,1,'dolores','2020-09-30 14:02:47','2021-03-09 13:50:28'),(94,1,3,5,3,0,6,41350.24,0,'incidunt','2020-07-01 12:23:35','2021-03-09 16:41:10'),(95,3,8,3,1,0,5,20424.74,3,'qui','2020-07-27 08:33:56','2021-03-09 16:41:10'),(96,5,3,9,1,0,4,99660.25,3,'facere','2020-12-20 03:49:17','2021-03-09 16:41:10'),(97,4,4,5,4,30,3,84374.74,0,'ab','2020-04-23 12:23:32','2021-03-09 13:50:28'),(98,7,2,1,2,19,3,73784.44,1,'ea','2020-04-06 20:52:28','2021-03-09 13:50:28'),(99,2,7,4,1,0,6,35348.58,0,'assumenda','2020-03-25 23:57:34','2021-03-09 16:41:10'),(100,2,6,7,3,55,1,23068.58,2,'qui','2020-05-31 03:10:35','2021-03-09 13:50:28'),(101,3,4,3,4,35,4,30006.51,2,'quia','2020-03-21 20:18:23','2021-03-09 13:50:28'),(102,4,2,4,2,21,6,35102.78,3,'voluptatibus','2020-06-09 04:48:57','2021-03-09 13:50:28'),(103,1,7,3,3,0,2,16278.17,2,'nulla','2020-06-21 15:54:47','2021-03-09 16:41:10'),(104,6,2,4,3,24,1,69084.48,2,'nesciunt','2020-11-25 00:14:49','2021-03-09 13:50:28'),(105,4,7,7,1,0,6,32110.55,2,'ratione','2021-02-14 22:12:29','2021-03-09 16:41:10'),(106,3,4,8,1,34,1,82872.83,1,'quasi','2020-03-16 12:35:45','2021-03-09 13:50:28'),(107,3,8,1,3,0,5,98420.11,2,'laboriosam','2020-09-20 15:05:30','2021-03-09 16:41:10'),(108,2,2,8,3,23,1,19848.80,3,'eum','2020-09-14 13:09:14','2021-03-09 13:50:28'),(109,5,6,8,3,50,1,73391.77,3,'officia','2020-04-03 17:33:38','2021-03-09 13:50:28'),(110,2,7,3,3,0,5,45895.03,2,'rerum','2020-04-19 13:36:09','2021-03-09 16:41:10'),(111,3,5,5,3,46,4,62044.89,2,'expedita','2020-05-03 06:50:20','2021-03-09 13:50:28'),(112,7,1,5,2,11,2,73059.28,2,'et','2020-12-01 00:37:19','2021-03-09 13:50:28'),(113,1,4,5,4,34,5,7101.35,3,'quas','2020-12-18 07:37:14','2021-03-09 13:50:28'),(114,7,8,9,3,0,1,75494.44,1,'voluptatem','2020-10-02 00:12:01','2021-03-09 16:41:10'),(115,2,7,1,1,0,4,17454.79,1,'voluptatem','2020-08-25 03:42:18','2021-03-09 16:41:10'),(116,3,7,5,2,0,2,16723.75,0,'autem','2021-02-17 04:49:03','2021-03-09 16:41:10'),(117,6,2,2,4,19,4,64092.32,3,'quis','2020-09-22 22:27:48','2021-03-09 13:50:28'),(118,2,7,4,2,0,5,68061.32,0,'qui','2020-04-18 20:21:17','2021-03-09 16:41:10'),(119,2,2,7,1,15,1,71991.70,2,'officia','2020-10-21 20:20:05','2021-03-09 13:50:28'),(120,7,3,1,4,0,1,76685.77,1,'et','2020-10-26 18:56:50','2021-03-09 16:41:10'),(121,2,3,8,2,0,6,64734.99,0,'aut','2021-01-13 12:19:28','2021-03-09 16:41:10'),(122,4,3,5,1,0,1,1517.67,3,'facilis','2020-10-16 06:23:42','2021-03-09 16:41:10'),(123,2,7,7,4,0,4,17145.17,2,'ex','2021-02-06 03:37:58','2021-03-09 16:41:10'),(124,5,4,8,4,28,4,97434.06,0,'nostrum','2020-11-15 15:02:12','2021-03-09 13:50:28'),(125,7,1,6,1,12,3,92044.19,2,'omnis','2020-11-10 06:51:29','2021-03-09 13:50:28'),(126,4,4,1,1,34,6,76349.02,0,'adipisci','2020-06-12 19:07:35','2021-03-09 13:50:28'),(127,6,4,3,3,25,6,38926.60,0,'corporis','2021-02-04 01:35:12','2021-03-09 13:50:28'),(128,6,8,2,1,0,4,27204.96,1,'autem','2020-06-20 08:42:55','2021-03-09 16:41:10'),(129,4,2,4,4,22,4,6372.58,0,'perspiciatis','2020-08-14 10:37:50','2021-03-09 13:50:28'),(130,1,6,9,2,59,3,62942.01,0,'nobis','2020-07-28 19:59:38','2021-03-09 13:50:28'),(131,2,2,2,3,23,2,81313.25,2,'ut','2020-10-04 20:29:34','2021-03-09 13:50:28'),(132,2,4,5,2,34,2,15115.97,2,'earum','2020-08-09 05:28:58','2021-03-09 13:50:28'),(133,7,6,6,4,55,3,31059.53,0,'dolore','2020-05-04 13:18:05','2021-03-09 13:50:28'),(134,7,3,7,1,0,5,87048.53,1,'maiores','2020-06-04 03:04:26','2021-03-09 16:41:10'),(135,6,3,9,1,0,1,87776.52,3,'libero','2021-01-30 16:55:13','2021-03-09 16:41:10'),(136,6,5,8,4,40,6,4539.08,1,'rem','2021-02-19 05:51:27','2021-03-09 13:50:28'),(137,2,2,10,4,22,3,74357.23,3,'amet','2020-09-05 04:09:57','2021-03-09 13:50:28'),(138,7,2,1,4,24,5,77754.17,2,'voluptatem','2021-02-24 18:57:39','2021-03-09 13:50:28'),(139,6,1,8,2,8,4,37211.34,1,'molestiae','2021-01-30 05:57:16','2021-03-09 13:50:28'),(140,6,2,5,3,16,3,76305.88,3,'maxime','2020-12-19 05:27:24','2021-03-09 13:50:28'),(141,7,7,8,4,0,1,66123.03,2,'ex','2020-05-28 15:50:46','2021-03-09 16:41:10'),(142,6,2,9,1,18,2,70589.19,0,'sed','2021-02-25 04:34:43','2021-03-09 13:50:28'),(143,2,3,9,3,0,1,74770.96,2,'modi','2020-05-22 04:02:34','2021-03-09 16:41:10'),(144,6,8,9,3,0,2,18470.55,0,'consequuntur','2021-02-02 14:35:15','2021-03-09 16:41:10'),(145,2,6,2,1,52,3,41747.27,0,'consequatur','2020-06-12 05:33:53','2021-03-09 13:50:28'),(146,5,6,6,3,52,5,49843.90,2,'architecto','2020-10-16 08:43:12','2021-03-09 13:50:28'),(147,6,8,4,4,0,3,12205.44,0,'consequatur','2020-04-25 23:01:11','2021-03-09 16:41:10'),(148,2,7,9,2,0,3,59477.22,1,'quam','2020-11-06 10:46:06','2021-03-09 16:41:10'),(149,6,7,10,1,0,2,24876.50,2,'exercitationem','2020-05-07 18:28:30','2021-03-09 16:41:10'),(150,6,8,2,3,0,5,68483.90,0,'atque','2020-08-12 09:13:50','2021-03-09 16:41:10'),(151,6,5,7,4,44,3,62780.22,2,'deleniti','2020-06-28 12:28:38','2021-03-09 13:50:28'),(152,4,8,8,2,0,5,2270.75,3,'deserunt','2021-01-14 14:23:47','2021-03-09 16:41:10'),(153,6,3,4,1,0,4,91655.85,1,'ut','2020-04-22 16:11:47','2021-03-09 16:41:10'),(154,3,5,9,4,39,5,36060.99,1,'vel','2021-01-17 16:22:09','2021-03-09 13:50:28'),(155,3,7,10,3,0,5,4844.89,0,'qui','2020-06-29 08:28:54','2021-03-09 16:41:10'),(156,7,8,10,2,0,3,83727.06,1,'aut','2020-06-10 03:29:49','2021-03-09 16:41:10'),(157,2,2,10,2,15,1,28872.77,1,'corrupti','2020-09-09 03:07:44','2021-03-09 13:50:28'),(158,2,5,4,1,40,3,60808.67,2,'accusamus','2020-04-26 03:28:43','2021-03-09 13:50:28'),(159,1,1,7,1,10,4,40123.33,2,'eos','2020-04-17 02:43:44','2021-03-09 13:50:28'),(160,5,7,8,4,0,2,84877.04,1,'ducimus','2020-05-16 17:29:25','2021-03-09 16:41:10'),(161,3,7,2,3,0,5,75905.94,1,'nihil','2020-07-09 13:31:33','2021-03-09 16:41:10'),(162,2,2,1,4,14,2,27419.79,2,'sint','2020-04-29 05:11:07','2021-03-09 13:50:28'),(163,2,3,3,2,0,6,34694.06,1,'consequatur','2020-09-12 15:43:06','2021-03-09 16:41:10'),(164,5,6,2,4,51,5,64602.99,3,'aut','2020-10-09 14:53:05','2021-03-09 13:50:28'),(165,3,1,7,4,11,4,95118.38,3,'iure','2020-05-13 17:01:28','2021-03-09 13:45:13'),(166,4,3,10,3,0,6,94087.45,0,'est','2020-10-30 06:31:58','2021-03-09 16:41:10'),(167,1,2,7,4,20,1,82663.76,1,'at','2020-11-30 21:43:46','2021-03-09 13:50:28'),(168,5,8,3,1,0,2,11956.95,3,'repellendus','2020-07-30 00:10:10','2021-03-09 16:41:10'),(169,2,4,8,3,32,3,51067.98,1,'reiciendis','2020-04-30 06:32:22','2021-03-09 13:50:28'),(170,4,3,2,3,0,4,72806.20,2,'velit','2020-03-08 07:28:37','2021-03-09 16:41:10'),(171,2,8,3,3,0,6,36421.30,2,'odio','2020-03-30 14:12:35','2021-03-09 16:41:10'),(172,2,1,9,3,1,3,64387.69,2,'beatae','2020-08-02 19:09:35','2021-03-09 13:50:28'),(173,7,4,1,2,28,6,47309.45,0,'dignissimos','2020-04-04 16:33:37','2021-03-09 13:50:28'),(174,2,2,10,3,18,3,98312.24,1,'illum','2020-07-09 19:53:18','2021-03-09 13:45:13'),(175,1,8,7,2,0,3,58567.25,0,'rerum','2020-08-17 18:44:55','2021-03-09 16:41:10'),(176,7,5,2,3,41,3,71216.40,1,'vitae','2020-07-20 11:57:51','2021-03-09 13:50:28'),(177,2,4,7,4,30,1,37898.96,0,'impedit','2020-07-20 16:11:27','2021-03-09 13:50:28'),(178,7,4,8,4,29,4,74752.03,0,'qui','2020-09-16 21:48:03','2021-03-09 13:50:28'),(179,2,3,10,3,0,1,98692.06,2,'in','2021-02-13 08:43:35','2021-03-09 16:41:10'),(180,5,5,4,2,39,1,32059.69,1,'officiis','2020-03-05 12:38:27','2021-03-09 13:50:28'),(181,1,6,1,1,51,3,41548.20,1,'voluptatem','2020-04-08 08:54:15','2021-03-09 13:50:28'),(182,1,3,9,3,0,1,71835.34,3,'consectetur','2020-06-16 11:10:28','2021-03-09 16:41:10'),(183,6,7,6,3,0,4,79937.85,2,'omnis','2020-04-11 19:13:08','2021-03-09 16:41:10'),(184,1,8,6,1,0,6,76232.00,2,'tempore','2020-04-09 04:58:27','2021-03-09 16:41:10'),(185,2,8,6,1,0,1,12112.72,0,'illo','2020-11-20 13:59:43','2021-03-09 16:41:10'),(186,5,3,8,3,0,5,84297.11,1,'quis','2020-12-22 03:01:28','2021-03-09 16:41:10'),(187,2,2,3,3,15,4,41097.42,0,'rerum','2020-07-15 18:47:33','2021-03-09 13:50:28'),(188,3,5,6,2,44,1,48807.88,1,'in','2020-12-06 18:29:25','2021-03-09 13:50:28'),(189,4,2,6,1,15,6,11589.13,3,'odio','2021-02-17 09:20:45','2021-03-09 13:45:13'),(190,7,4,7,1,30,1,44272.46,0,'quo','2020-06-09 02:42:19','2021-03-09 13:50:28'),(191,1,8,10,1,0,3,55749.70,2,'molestias','2021-01-08 16:53:47','2021-03-09 16:41:10'),(192,3,2,2,2,19,4,53324.59,3,'deserunt','2020-04-15 18:15:10','2021-03-09 13:50:28'),(193,5,6,6,1,52,6,42559.35,1,'quos','2020-08-12 18:08:16','2021-03-09 13:50:28'),(194,7,7,10,3,0,6,41638.52,2,'debitis','2021-02-11 21:14:11','2021-03-09 16:41:10'),(195,3,2,10,4,13,6,94989.59,1,'ratione','2021-01-18 11:19:26','2021-03-09 13:50:28'),(196,6,5,4,2,37,4,27998.46,3,'saepe','2020-12-13 23:42:41','2021-03-09 13:50:28'),(197,2,8,10,1,0,2,46559.83,1,'officiis','2020-09-20 12:27:34','2021-03-09 16:41:10'),(198,6,8,9,4,0,4,51315.39,1,'et','2020-08-25 13:04:32','2021-03-09 16:41:10'),(199,6,7,3,2,0,3,59029.39,1,'id','2020-10-24 13:48:20','2021-03-09 16:41:10'),(200,6,8,10,3,0,5,58776.68,1,'dolor','2020-10-13 08:02:24','2021-03-09 16:41:10'),(201,7,3,9,4,0,1,98997.67,0,'dolor','2021-03-04 03:52:47','2021-03-09 16:41:10'),(202,1,5,5,1,41,4,79312.84,1,'suscipit','2020-08-24 13:13:48','2021-03-09 13:50:28'),(203,3,6,5,4,56,3,32253.24,2,'voluptates','2021-01-22 07:27:15','2021-03-09 13:50:28'),(204,5,8,9,2,0,4,68114.09,1,'natus','2020-10-17 11:59:50','2021-03-09 16:41:10'),(205,5,3,9,4,0,5,55878.10,1,'nisi','2020-03-13 15:43:40','2021-03-09 16:41:10'),(206,5,4,8,2,25,5,93662.76,2,'sed','2020-12-01 19:38:39','2021-03-09 13:50:28'),(207,5,8,5,2,0,3,43792.70,0,'beatae','2020-09-08 21:55:06','2021-03-09 16:41:10'),(208,4,6,2,4,54,3,63329.19,2,'minus','2020-11-19 12:39:28','2021-03-09 13:50:28'),(209,6,1,10,4,11,2,36842.43,1,'aut','2020-05-17 20:32:33','2021-03-09 13:50:28'),(210,1,5,1,4,40,3,98698.31,0,'neque','2021-01-25 14:59:03','2021-03-09 13:50:28'),(211,6,5,7,4,44,3,40217.82,2,'et','2020-07-14 11:46:58','2021-03-09 13:50:28'),(212,5,6,10,1,54,4,22418.50,1,'tempora','2020-12-24 17:48:43','2021-03-09 13:50:28'),(213,3,1,10,1,5,6,92393.72,3,'placeat','2020-08-02 01:43:16','2021-03-09 13:50:28'),(214,2,5,10,1,41,5,75559.53,3,'deleniti','2020-11-19 05:09:20','2021-03-09 13:50:28'),(215,4,4,2,2,35,2,71473.32,2,'et','2020-08-18 22:23:28','2021-03-09 13:50:28'),(216,7,6,8,2,53,1,24008.77,1,'et','2020-12-31 07:57:11','2021-03-09 13:50:28'),(217,2,3,9,1,0,4,17921.35,2,'ab','2021-02-24 06:03:54','2021-03-09 16:41:10'),(218,7,2,8,3,14,1,10442.21,3,'animi','2020-11-20 19:02:49','2021-03-09 13:50:28'),(219,4,4,9,2,32,4,30165.27,3,'blanditiis','2020-05-09 19:14:22','2021-03-09 13:50:28'),(220,2,8,8,4,0,3,19597.39,0,'iste','2020-07-13 03:58:34','2021-03-09 16:41:10'),(221,2,2,4,1,21,4,90335.95,2,'commodi','2020-12-24 05:21:28','2021-03-09 13:50:28'),(222,3,6,8,1,58,1,32630.60,3,'a','2020-12-06 12:23:11','2021-03-09 13:50:28'),(223,4,1,10,1,9,5,12151.34,2,'reiciendis','2020-07-21 13:31:12','2021-03-09 13:50:28'),(224,1,1,3,1,1,5,15958.47,0,'veniam','2020-12-28 05:23:38','2021-03-09 13:50:28'),(225,1,3,3,3,0,6,79803.06,1,'sint','2021-01-06 11:51:14','2021-03-09 16:41:10'),(226,7,4,5,2,25,1,87969.01,0,'eum','2020-05-05 21:26:42','2021-03-09 13:50:28'),(227,3,1,5,3,1,5,54696.72,0,'qui','2020-05-25 23:12:37','2021-03-09 13:50:28'),(228,4,3,6,2,0,5,86835.11,2,'odio','2020-09-04 15:41:55','2021-03-09 16:41:10'),(229,2,4,10,1,26,4,42337.69,0,'error','2020-04-19 20:17:47','2021-03-09 13:50:28'),(230,7,5,3,4,41,3,62895.97,2,'reiciendis','2020-04-19 14:21:00','2021-03-09 13:50:28'),(231,5,1,9,4,7,1,68635.30,0,'sit','2020-10-24 05:55:22','2021-03-09 13:50:28'),(232,2,4,9,4,32,1,70959.96,0,'corrupti','2020-04-25 23:21:19','2021-03-09 13:50:28'),(233,4,4,2,1,31,6,92028.78,2,'molestiae','2020-12-07 04:00:59','2021-03-09 13:50:28'),(234,2,8,6,2,0,2,79591.52,1,'placeat','2020-08-03 12:47:58','2021-03-09 16:41:10'),(235,4,6,7,4,59,6,88581.81,2,'rerum','2020-12-08 01:42:57','2021-03-09 13:50:28'),(236,7,5,2,1,45,1,5969.38,1,'aut','2020-08-17 07:33:55','2021-03-09 13:50:28'),(237,5,5,4,1,48,4,14647.19,2,'repellat','2020-08-20 01:36:51','2021-03-09 13:50:28'),(238,1,3,6,3,0,4,17035.91,1,'veritatis','2020-03-04 21:25:53','2021-03-09 16:41:10'),(239,4,4,2,2,32,5,69651.04,1,'inventore','2020-08-23 12:01:42','2021-03-09 13:50:28'),(240,4,7,2,3,0,6,19351.72,2,'a','2020-08-23 13:45:11','2021-03-09 16:41:10'),(241,1,4,9,1,26,5,67058.31,1,'et','2020-07-25 14:08:26','2021-03-09 13:50:28'),(242,5,7,8,1,0,4,45588.84,3,'perferendis','2020-09-25 08:53:34','2021-03-09 16:41:10'),(243,1,1,1,1,10,3,29626.90,0,'qui','2020-06-13 12:38:14','2021-03-09 13:50:28'),(244,6,1,7,1,7,3,53862.86,1,'fugit','2021-02-14 18:44:18','2021-03-09 13:50:28'),(245,2,7,3,1,0,3,43812.35,3,'molestiae','2020-04-25 00:21:42','2021-03-09 16:41:10'),(246,7,8,6,3,0,2,70318.28,2,'sint','2020-03-26 16:02:04','2021-03-09 16:41:10'),(247,6,7,1,3,0,5,13985.29,0,'et','2020-07-09 18:27:15','2021-03-09 16:41:10'),(248,5,2,5,2,16,3,84036.66,2,'recusandae','2021-01-29 09:42:12','2021-03-09 13:50:28'),(249,6,1,5,1,12,6,4415.46,1,'et','2020-04-23 09:37:50','2021-03-09 13:50:28'),(250,3,5,9,2,46,6,72918.86,1,'et','2021-01-21 18:18:02','2021-03-09 13:50:28'),(251,3,3,7,2,0,4,91151.30,0,'dicta','2020-03-08 08:16:50','2021-03-09 16:41:10'),(252,6,8,1,3,0,5,2807.05,3,'veritatis','2020-10-09 22:33:05','2021-03-09 16:41:10'),(253,3,6,4,3,52,1,48141.73,2,'labore','2020-06-23 03:59:50','2021-03-09 13:50:28'),(254,6,1,2,1,1,6,29581.54,0,'aliquid','2020-08-27 18:23:47','2021-03-09 13:50:28'),(255,3,4,5,1,28,3,46097.60,2,'rerum','2020-07-26 15:40:33','2021-03-09 13:50:28'),(256,6,3,1,3,0,2,91544.32,0,'maxime','2020-06-09 11:13:40','2021-03-09 16:41:10'),(257,1,1,6,4,4,1,53339.19,1,'dolorem','2020-11-25 05:50:58','2021-03-09 13:50:28'),(258,6,8,1,2,0,6,13895.52,0,'eos','2020-11-20 14:31:52','2021-03-09 16:41:10'),(259,4,1,2,1,9,1,90477.52,0,'deserunt','2021-02-02 15:34:45','2021-03-09 13:45:13'),(260,2,4,4,1,30,2,9245.95,2,'necessitatibus','2020-05-26 06:42:04','2021-03-09 13:50:28'),(261,7,6,2,2,51,2,90171.21,0,'quod','2020-08-02 15:45:59','2021-03-09 13:50:28'),(262,6,6,8,4,56,2,19140.57,1,'tempora','2020-03-07 04:36:52','2021-03-09 13:50:28'),(263,5,5,10,4,43,1,79202.05,2,'est','2020-05-27 11:59:48','2021-03-09 13:50:28'),(264,2,5,10,4,46,2,85890.69,3,'minus','2020-08-15 09:45:54','2021-03-09 13:50:28'),(265,7,2,6,1,19,3,66913.73,3,'aut','2020-12-31 06:10:34','2021-03-09 13:45:13'),(266,4,1,7,2,2,5,69042.14,3,'similique','2020-04-24 22:54:14','2021-03-09 13:50:28'),(267,2,7,5,2,0,6,21571.09,0,'voluptas','2020-12-28 06:55:14','2021-03-09 16:41:10'),(268,4,4,9,1,36,5,20862.15,0,'ut','2020-10-06 07:21:27','2021-03-09 13:50:28'),(269,6,1,3,4,6,5,19969.48,0,'et','2021-01-03 20:35:34','2021-03-09 13:50:28'),(270,6,5,2,4,42,2,72876.75,0,'dolores','2020-05-02 13:22:51','2021-03-09 13:50:28'),(271,2,4,9,2,34,3,85420.57,1,'perspiciatis','2020-06-21 14:42:33','2021-03-09 13:50:28'),(272,3,7,5,2,0,6,45302.04,3,'ratione','2021-02-25 05:02:51','2021-03-09 16:41:10'),(273,7,5,10,1,44,3,1785.00,3,'dolores','2020-10-31 17:07:46','2021-03-09 13:50:28'),(274,5,8,4,3,0,6,94410.92,1,'exercitationem','2020-07-10 04:16:32','2021-03-09 16:41:10'),(275,3,2,3,4,23,1,53239.61,1,'pariatur','2020-04-05 20:54:36','2021-03-09 13:50:28'),(276,7,8,1,1,0,6,16456.20,1,'ea','2020-05-01 11:28:41','2021-03-09 16:41:10'),(277,5,6,4,1,52,2,57841.33,1,'eaque','2020-04-06 15:07:46','2021-03-09 13:50:28'),(278,3,3,4,4,0,1,84485.14,1,'pariatur','2020-04-21 22:47:40','2021-03-09 16:41:10'),(279,4,3,4,1,0,5,44432.75,0,'sint','2021-02-04 02:47:51','2021-03-09 16:41:10'),(280,7,8,6,4,0,4,21585.68,1,'quibusdam','2020-09-05 01:54:47','2021-03-09 16:41:10'),(281,7,6,9,2,60,2,86625.38,3,'quae','2020-05-06 17:31:27','2021-03-09 13:50:28'),(282,5,1,5,3,9,3,82822.33,1,'voluptas','2020-08-08 14:47:52','2021-03-09 13:50:28'),(283,2,6,6,1,59,3,42658.08,2,'impedit','2020-12-26 07:00:13','2021-03-09 13:50:28'),(284,4,6,9,3,52,6,94873.01,2,'et','2020-06-21 15:21:55','2021-03-09 13:50:28'),(285,7,3,5,4,0,6,78817.11,1,'eligendi','2021-01-16 13:30:59','2021-03-09 16:41:10'),(286,3,1,1,4,8,3,85348.98,0,'qui','2020-10-24 15:35:34','2021-03-09 13:50:28'),(287,6,1,10,1,6,5,13047.26,0,'qui','2020-07-14 05:04:14','2021-03-09 13:50:28'),(288,5,2,3,2,18,5,15536.42,3,'est','2020-06-04 12:17:26','2021-03-09 13:50:28'),(289,7,5,3,2,45,1,47009.27,1,'quod','2020-09-27 18:22:46','2021-03-09 13:50:28'),(290,5,8,6,2,0,6,26989.68,1,'est','2021-01-25 17:06:38','2021-03-09 16:41:10'),(291,5,5,7,2,40,4,58345.08,0,'accusamus','2020-12-03 05:56:38','2021-03-09 13:50:28'),(292,6,2,7,1,17,5,81250.89,0,'ut','2021-02-06 14:35:55','2021-03-09 13:45:13'),(293,2,2,9,4,14,5,58773.62,2,'atque','2021-01-28 00:32:54','2021-03-09 13:50:28'),(294,1,6,2,2,52,4,68315.37,0,'sint','2020-08-12 16:38:05','2021-03-09 13:50:28'),(295,2,6,4,3,50,6,90527.67,0,'aut','2021-01-27 13:44:50','2021-03-09 13:50:28'),(296,6,1,1,4,8,2,93752.37,2,'praesentium','2020-07-16 06:40:46','2021-03-09 13:50:28'),(297,5,7,4,4,0,4,39695.15,0,'hic','2020-10-09 22:15:45','2021-03-09 16:41:10'),(298,1,8,8,3,0,3,66479.35,0,'consequatur','2020-08-10 17:12:36','2021-03-09 16:41:10'),(299,7,3,1,2,0,1,89863.82,3,'et','2020-08-20 16:17:17','2021-03-09 16:41:10'),(300,6,4,5,2,36,1,37927.80,2,'error','2020-11-03 13:06:35','2021-03-09 13:50:28'),(301,6,1,10,3,12,6,51898.43,2,'dolores','2020-03-07 11:43:21','2021-03-09 13:50:28'),(302,2,7,1,1,0,3,65270.05,1,'dolor','2020-10-05 09:50:47','2021-03-09 16:41:10'),(303,4,4,2,2,33,3,9995.42,3,'ad','2020-10-17 08:16:20','2021-03-09 13:50:28'),(304,5,7,5,1,0,4,40122.90,3,'dicta','2020-10-23 01:52:29','2021-03-09 16:41:10'),(305,5,1,5,3,10,2,95447.42,1,'beatae','2021-01-11 14:02:34','2021-03-09 13:50:28'),(306,1,5,7,3,45,6,64721.34,0,'et','2020-03-07 21:53:27','2021-03-09 13:50:28'),(307,4,3,1,4,0,4,75543.77,2,'ea','2020-05-12 03:03:52','2021-03-09 16:41:10'),(308,4,2,8,2,16,5,10147.76,0,'nisi','2020-06-30 16:58:08','2021-03-09 13:50:28'),(309,3,5,8,2,40,6,85767.13,1,'assumenda','2020-04-23 04:25:30','2021-03-09 13:50:28'),(310,6,4,8,4,33,4,65499.23,2,'ab','2020-11-26 11:02:58','2021-03-09 13:50:28'),(311,3,1,1,1,7,3,17775.20,2,'enim','2020-05-25 18:03:35','2021-03-09 13:50:28'),(312,2,2,10,2,18,2,13167.66,3,'unde','2020-05-18 10:49:09','2021-03-09 13:50:28'),(313,4,5,6,4,46,1,51500.31,3,'saepe','2020-03-19 02:26:39','2021-03-09 13:50:28'),(314,3,6,3,1,53,5,88304.77,2,'quis','2020-05-15 11:33:53','2021-03-09 13:50:28'),(315,6,3,2,4,0,4,67854.06,2,'animi','2020-09-08 00:09:10','2021-03-09 16:41:10'),(316,3,7,9,1,0,3,35222.09,1,'repudiandae','2020-11-19 00:36:00','2021-03-09 16:41:10'),(317,7,6,6,2,58,5,8032.48,2,'perferendis','2020-09-01 03:56:52','2021-03-09 13:50:28'),(318,1,1,6,1,8,1,75498.28,3,'deleniti','2020-06-16 11:36:26','2021-03-09 13:50:28'),(319,7,7,1,3,0,5,21447.54,0,'odit','2020-12-21 14:15:19','2021-03-09 16:41:10'),(320,7,2,7,2,24,5,82875.10,2,'eos','2020-04-02 11:15:57','2021-03-09 13:50:28'),(321,1,5,6,4,48,1,12222.40,2,'labore','2020-04-18 03:44:51','2021-03-09 13:50:28'),(322,5,3,3,2,0,5,93016.74,2,'est','2020-11-05 07:52:38','2021-03-09 16:41:10'),(323,5,2,4,3,24,1,12012.28,3,'tempora','2020-11-17 20:01:15','2021-03-09 13:50:28'),(324,5,7,6,2,0,5,10148.07,0,'ut','2020-07-24 03:43:49','2021-03-09 16:41:10'),(325,3,5,1,4,44,4,71517.81,0,'iste','2021-02-11 03:45:52','2021-03-09 13:50:28'),(326,2,4,5,3,31,1,56869.12,0,'id','2020-04-05 03:21:44','2021-03-09 13:50:28'),(327,3,1,10,2,10,2,47796.72,1,'enim','2020-06-18 21:40:11','2021-03-09 13:50:28'),(328,1,3,3,2,0,6,53717.77,1,'vitae','2020-12-22 17:33:36','2021-03-09 16:41:10'),(329,4,4,6,4,27,5,82680.14,0,'maxime','2020-08-25 02:29:41','2021-03-09 13:50:28'),(330,6,2,8,2,20,4,80326.60,0,'et','2020-06-15 01:38:58','2021-03-09 13:50:28'),(331,5,6,1,1,56,1,36897.83,2,'expedita','2020-12-15 04:18:57','2021-03-09 13:50:28'),(332,7,2,1,1,13,4,3544.29,0,'blanditiis','2020-11-23 05:33:57','2021-03-09 13:50:28'),(333,1,4,4,1,31,1,6312.51,0,'id','2020-06-17 17:41:06','2021-03-09 13:50:28'),(334,3,1,3,3,8,1,65461.95,3,'dolores','2020-10-31 10:01:51','2021-03-09 13:50:28'),(335,4,3,5,1,0,4,98452.51,2,'ut','2020-05-06 23:22:00','2021-03-09 16:41:10'),(336,2,8,5,1,0,4,17822.91,2,'non','2020-05-30 02:50:40','2021-03-09 16:41:10'),(337,2,1,1,1,4,5,48829.29,1,'accusantium','2021-03-01 16:27:51','2021-03-09 13:50:28'),(338,3,1,7,3,7,4,32312.32,3,'est','2020-05-11 10:49:52','2021-03-09 13:50:28'),(339,3,1,10,4,12,4,67616.34,3,'ipsam','2020-05-20 13:17:05','2021-03-09 13:50:28'),(340,7,3,8,2,0,4,8556.30,0,'officiis','2020-10-11 07:18:29','2021-03-09 16:41:10'),(341,1,3,2,4,0,4,85964.47,3,'aliquam','2020-03-13 11:07:25','2021-03-09 16:41:10'),(342,6,5,6,2,39,2,8163.40,0,'dolor','2020-08-15 22:44:38','2021-03-09 13:50:28'),(343,3,4,3,4,36,1,67186.43,0,'odit','2020-10-15 04:14:10','2021-03-09 13:50:28'),(344,7,7,1,3,0,4,84358.36,0,'ipsam','2021-01-29 06:07:40','2021-03-09 16:41:10'),(345,7,4,4,4,27,3,54201.56,3,'et','2020-12-03 18:10:13','2021-03-09 13:50:28'),(346,2,4,8,4,29,1,22584.66,1,'nostrum','2020-06-29 23:40:07','2021-03-09 13:50:28'),(347,5,4,7,4,36,3,23691.78,1,'aspernatur','2020-06-03 00:11:11','2021-03-09 13:50:28'),(348,1,6,3,3,59,1,21278.87,1,'quaerat','2021-02-08 19:05:16','2021-03-09 13:50:28'),(349,3,5,7,1,44,6,81935.63,3,'provident','2020-05-14 16:58:12','2021-03-09 13:50:28'),(350,2,8,8,1,0,4,96848.14,3,'placeat','2020-11-22 10:37:00','2021-03-09 16:41:10'),(351,5,8,4,4,0,5,41401.87,3,'sunt','2020-03-23 10:44:05','2021-03-09 16:41:10'),(352,3,6,2,2,52,1,24417.10,3,'dolor','2020-10-20 20:08:38','2021-03-09 13:50:28'),(353,3,8,3,3,0,4,86221.75,1,'illum','2020-04-11 14:14:07','2021-03-09 16:41:10'),(354,6,6,8,1,57,1,7288.24,2,'delectus','2020-03-14 19:17:13','2021-03-09 13:50:28'),(355,1,7,5,3,0,3,16759.33,0,'illum','2020-08-06 23:37:16','2021-03-09 16:41:10'),(356,6,2,2,3,20,4,4313.71,0,'placeat','2020-05-08 20:56:21','2021-03-09 13:50:28'),(357,5,7,10,2,0,4,21870.66,2,'quisquam','2021-02-14 11:13:04','2021-03-09 16:41:10'),(358,5,8,1,4,0,6,26094.97,0,'provident','2020-08-22 12:52:44','2021-03-09 16:41:10'),(359,1,1,1,1,12,4,79031.21,3,'natus','2020-12-12 05:38:05','2021-03-09 13:50:28'),(360,2,3,5,2,0,3,61584.80,1,'aut','2020-12-18 16:53:05','2021-03-09 16:41:10'),(361,4,8,5,3,0,4,36027.13,1,'est','2020-08-10 22:29:04','2021-03-09 16:41:10'),(362,7,7,10,4,0,4,72811.30,0,'sapiente','2020-08-05 06:49:52','2021-03-09 16:41:10'),(363,4,8,5,3,0,1,13418.19,3,'ut','2020-11-11 06:41:38','2021-03-09 16:41:10'),(364,5,4,6,2,36,6,26755.01,1,'rerum','2020-07-22 19:26:53','2021-03-09 13:45:13'),(365,5,1,3,4,12,3,62708.11,2,'voluptatem','2021-01-23 09:42:18','2021-03-09 13:50:28'),(366,1,7,7,1,0,2,23139.43,3,'voluptatem','2020-08-17 09:20:59','2021-03-09 16:41:10'),(367,5,8,2,4,0,3,77488.76,1,'earum','2020-08-17 19:39:51','2021-03-09 16:41:10'),(368,4,3,6,3,0,4,24421.97,3,'quis','2021-02-01 13:02:05','2021-03-09 16:41:10'),(369,1,5,4,4,37,3,81119.05,2,'nisi','2020-10-26 04:49:37','2021-03-09 13:50:28'),(370,3,6,6,1,51,6,78627.71,3,'numquam','2021-01-06 06:21:10','2021-03-09 13:50:28'),(371,3,6,7,4,60,6,44857.41,0,'odio','2021-01-29 02:15:41','2021-03-09 13:50:28'),(372,5,5,2,1,40,6,99083.16,2,'commodi','2020-08-03 19:10:20','2021-03-09 13:50:28'),(373,1,6,7,4,54,4,46327.27,2,'quisquam','2020-05-07 23:55:01','2021-03-09 13:50:28'),(374,5,8,4,1,0,3,89801.07,2,'ut','2021-01-26 21:38:17','2021-03-09 16:41:10'),(375,2,4,3,4,31,4,20308.96,1,'ea','2020-10-04 15:22:30','2021-03-09 13:50:28'),(376,1,2,10,1,15,3,58239.60,1,'exercitationem','2020-09-11 16:46:11','2021-03-09 13:50:28'),(377,6,6,6,3,52,3,49688.13,3,'aut','2020-08-17 05:57:30','2021-03-09 13:50:28'),(378,6,1,1,1,12,2,73349.27,3,'dicta','2020-03-06 03:07:13','2021-03-09 13:45:13'),(379,3,7,7,4,0,6,9164.39,3,'mollitia','2020-11-22 13:55:03','2021-03-09 16:41:10'),(380,5,2,2,2,13,5,17087.39,1,'quibusdam','2020-05-08 09:19:53','2021-03-09 13:50:28'),(381,6,4,8,4,28,1,2383.35,2,'voluptas','2021-02-22 15:51:36','2021-03-09 13:50:28'),(382,3,5,4,1,42,6,99220.35,3,'vel','2020-06-16 02:06:59','2021-03-09 13:50:28'),(383,5,5,6,4,40,1,9635.35,1,'laboriosam','2020-12-14 03:32:00','2021-03-09 13:50:28'),(384,2,6,5,1,49,3,96069.74,3,'eveniet','2020-08-28 20:54:36','2021-03-09 13:50:28'),(385,6,8,2,4,0,3,66899.32,2,'nemo','2021-01-14 19:08:32','2021-03-09 16:41:10'),(386,7,6,5,4,51,5,99735.77,1,'aut','2020-07-21 16:23:40','2021-03-09 13:50:28'),(387,5,1,2,4,1,6,37048.52,0,'earum','2020-06-20 16:43:55','2021-03-09 13:50:28'),(388,6,3,3,3,0,2,57825.05,1,'nostrum','2020-10-13 12:56:40','2021-03-09 16:41:10'),(389,7,1,4,4,8,2,22119.80,2,'aut','2020-08-03 14:10:08','2021-03-09 13:50:28'),(390,7,6,7,4,49,5,57412.18,1,'dolore','2020-09-03 19:06:06','2021-03-09 13:50:28'),(391,7,6,7,1,53,1,3472.40,1,'sed','2020-03-27 12:20:06','2021-03-09 13:50:28'),(392,5,2,6,3,19,1,54486.18,0,'aliquid','2020-08-12 00:39:43','2021-03-09 13:50:28'),(393,4,7,5,3,0,6,99377.64,3,'molestiae','2020-04-27 13:17:58','2021-03-09 16:41:10'),(394,7,7,1,4,0,6,18569.01,2,'eaque','2020-09-20 08:21:07','2021-03-09 16:41:10'),(395,7,2,10,3,20,3,86784.61,3,'delectus','2020-09-17 03:23:42','2021-03-09 13:50:28'),(396,1,2,6,1,21,6,12476.58,3,'voluptatem','2020-04-18 05:28:16','2021-03-09 13:50:28'),(397,7,5,8,4,43,1,22789.30,0,'illum','2021-02-27 00:40:08','2021-03-09 13:50:28'),(398,7,8,6,3,0,4,66741.67,2,'et','2021-02-05 02:24:10','2021-03-09 16:41:10'),(399,4,6,10,1,57,4,77722.13,1,'quibusdam','2020-12-08 23:01:54','2021-03-09 13:50:28'),(400,7,8,7,3,0,4,78709.57,0,'qui','2020-10-23 11:16:05','2021-03-09 16:41:10'),(401,7,7,3,3,0,4,33913.19,0,'sed','2021-01-06 14:57:18','2021-03-09 16:41:10'),(402,1,2,6,2,22,1,49129.41,1,'sed','2020-08-12 06:54:42','2021-03-09 13:50:28'),(403,2,1,6,2,11,5,28902.58,0,'officiis','2020-07-31 23:00:53','2021-03-09 13:50:28'),(404,1,4,5,4,27,4,87494.67,0,'quae','2021-02-20 13:02:26','2021-03-09 13:50:28'),(405,2,8,4,4,0,1,79215.31,2,'quaerat','2020-09-01 05:56:30','2021-03-09 16:41:10'),(406,3,4,2,2,26,2,49870.67,3,'corporis','2020-07-11 11:53:04','2021-03-09 13:50:28'),(407,7,1,3,3,12,3,66785.64,1,'distinctio','2021-01-24 16:03:49','2021-03-09 13:50:28'),(408,2,2,10,4,20,4,29581.02,0,'ex','2020-03-05 11:18:46','2021-03-09 13:50:28'),(409,5,8,3,1,0,4,27900.39,0,'dolorum','2021-01-29 05:56:39','2021-03-09 16:41:10'),(410,1,3,7,1,0,1,62042.21,3,'non','2021-01-01 11:03:03','2021-03-09 16:41:10'),(411,5,3,7,2,0,2,99846.52,3,'commodi','2020-07-19 08:27:41','2021-03-09 16:41:10'),(412,7,8,4,2,0,1,74355.38,0,'mollitia','2020-06-21 00:03:28','2021-03-09 16:41:10'),(413,3,5,5,3,39,3,29086.21,3,'aspernatur','2020-11-16 00:15:56','2021-03-09 13:50:28'),(414,5,2,9,2,15,1,82973.07,3,'vero','2020-10-15 05:27:40','2021-03-09 13:50:28'),(415,3,7,7,4,0,1,88610.31,2,'aliquid','2020-03-25 02:10:40','2021-03-09 16:41:10'),(416,5,2,5,4,17,1,17210.75,3,'totam','2020-05-07 21:57:00','2021-03-09 13:50:28'),(417,5,5,5,2,41,5,97033.08,1,'dolorum','2020-05-14 05:05:18','2021-03-09 13:50:28'),(418,1,4,5,2,34,1,72008.78,1,'commodi','2020-11-30 05:47:42','2021-03-09 13:50:28'),(419,7,3,2,2,0,6,84356.36,0,'unde','2020-11-10 15:56:40','2021-03-09 16:41:10'),(420,1,2,7,1,22,3,31231.22,0,'atque','2020-12-07 19:38:25','2021-03-09 13:50:28'),(421,3,1,5,1,9,3,8322.57,1,'nulla','2020-12-30 09:17:36','2021-03-09 13:50:28'),(422,1,6,4,2,49,3,40852.11,1,'fuga','2020-04-06 00:51:52','2021-03-09 13:50:28'),(423,5,7,8,2,0,5,60440.72,0,'quia','2021-01-05 17:24:23','2021-03-09 16:41:10'),(424,3,8,2,4,0,2,93473.70,3,'commodi','2020-05-06 19:32:12','2021-03-09 16:41:10'),(425,3,5,8,4,39,6,23499.84,1,'vel','2020-03-28 20:36:50','2021-03-09 13:50:28'),(426,5,2,10,4,24,3,66876.00,3,'praesentium','2020-12-06 04:37:07','2021-03-09 13:50:28'),(427,6,6,6,4,51,3,41471.85,3,'soluta','2021-02-16 14:20:21','2021-03-09 13:50:28'),(428,4,7,3,1,0,1,90073.28,3,'quo','2020-07-24 09:02:30','2021-03-09 16:41:10'),(429,3,6,9,4,59,6,97630.04,2,'corrupti','2020-06-29 09:25:11','2021-03-09 13:50:28'),(430,1,7,1,2,0,2,78626.96,2,'pariatur','2020-06-16 03:43:49','2021-03-09 16:41:10'),(431,4,3,7,4,0,5,11105.67,3,'dolore','2020-08-16 03:34:59','2021-03-09 16:41:10'),(432,6,4,9,3,25,5,33814.13,2,'veniam','2020-04-01 05:33:36','2021-03-09 13:50:28'),(433,7,6,7,3,53,3,99027.21,2,'molestias','2020-08-04 13:37:27','2021-03-09 13:50:28'),(434,2,7,1,3,0,2,77200.50,0,'illo','2020-08-27 06:35:09','2021-03-09 16:41:10'),(435,6,6,6,2,60,1,48214.52,0,'enim','2020-09-12 01:05:33','2021-03-09 13:50:28'),(436,3,5,6,1,44,2,7547.90,0,'voluptas','2021-02-06 18:06:50','2021-03-09 13:50:28'),(437,5,3,10,2,0,3,33939.28,1,'dolore','2020-06-21 06:36:11','2021-03-09 16:41:10'),(438,6,4,3,2,29,2,30923.15,1,'dignissimos','2020-10-05 14:06:42','2021-03-09 13:50:28'),(439,7,7,1,1,0,4,34208.50,2,'illum','2020-05-14 09:51:49','2021-03-09 16:41:10'),(440,6,7,2,3,0,5,51330.00,1,'aut','2020-12-20 16:34:00','2021-03-09 16:41:10'),(441,2,3,5,2,0,2,49389.71,2,'rerum','2021-01-12 07:51:15','2021-03-09 16:41:10'),(442,6,7,1,3,0,1,14261.89,3,'ipsa','2020-09-03 20:46:38','2021-03-09 16:41:10'),(443,3,7,7,4,0,2,47519.93,0,'repudiandae','2020-04-28 08:38:29','2021-03-09 16:41:10'),(444,2,8,8,3,0,5,84457.81,1,'repellendus','2020-08-29 19:14:55','2021-03-09 16:41:10'),(445,5,1,10,3,11,6,61172.25,3,'aut','2020-12-18 00:10:13','2021-03-09 13:50:28'),(446,5,6,7,3,54,5,93856.83,3,'enim','2020-10-13 07:21:16','2021-03-09 13:50:28'),(447,1,3,4,1,0,2,96565.30,1,'ut','2020-08-11 18:35:10','2021-03-09 16:41:10'),(448,4,1,4,2,6,5,35522.86,3,'assumenda','2020-10-04 16:19:04','2021-03-09 13:50:28'),(449,3,2,3,1,23,3,4950.46,3,'delectus','2020-05-05 01:02:34','2021-03-09 13:50:28'),(450,7,3,7,2,0,3,17077.65,1,'eveniet','2020-05-05 13:05:34','2021-03-09 16:41:10'),(451,6,7,3,2,0,3,71495.85,3,'eaque','2020-11-03 01:29:42','2021-03-09 16:41:10'),(452,5,2,7,3,24,5,74661.09,2,'animi','2020-11-24 15:19:19','2021-03-09 13:45:13'),(453,2,1,7,2,3,4,57554.09,3,'sit','2020-10-01 13:01:34','2021-03-09 13:50:28'),(454,5,2,6,1,14,2,55695.59,3,'illo','2020-05-17 01:46:54','2021-03-09 13:50:28'),(455,2,6,4,1,50,5,18676.60,3,'iusto','2020-04-28 21:23:25','2021-03-09 13:50:28'),(456,4,2,5,4,16,4,82267.26,3,'aut','2020-10-11 22:39:55','2021-03-09 13:50:28'),(457,3,6,1,2,50,5,74695.37,1,'neque','2020-11-09 22:43:11','2021-03-09 13:50:28'),(458,3,2,8,1,20,2,16635.28,3,'omnis','2020-08-08 21:55:31','2021-03-09 13:50:28'),(459,2,6,1,1,60,6,74693.38,3,'non','2021-01-08 00:17:28','2021-03-09 13:50:28'),(460,2,6,5,1,57,6,71346.88,1,'unde','2020-07-21 06:40:57','2021-03-09 13:50:28'),(461,1,7,10,4,0,3,62629.30,3,'tenetur','2020-06-27 08:49:27','2021-03-09 16:41:10'),(462,7,5,9,4,45,3,65871.00,1,'corrupti','2020-10-18 02:51:02','2021-03-09 13:50:28'),(463,7,4,3,2,31,6,38647.56,3,'corrupti','2020-12-27 21:12:26','2021-03-09 13:50:28'),(464,1,7,6,2,0,2,15454.96,2,'quia','2021-02-23 11:19:35','2021-03-09 16:41:10'),(465,7,3,9,4,0,2,33304.40,1,'sint','2020-09-03 16:10:53','2021-03-09 16:41:10'),(466,7,4,5,1,29,2,90657.82,0,'ea','2020-08-13 00:31:44','2021-03-09 13:50:28'),(467,3,6,10,2,53,6,11338.59,0,'tenetur','2020-06-19 07:23:47','2021-03-09 13:50:28'),(468,1,4,5,1,32,2,5427.97,3,'nisi','2020-11-16 09:12:44','2021-03-09 13:50:28'),(469,7,4,9,4,36,3,90302.56,2,'dignissimos','2020-03-09 01:23:06','2021-03-09 13:50:28'),(470,4,2,2,3,22,2,82768.79,3,'labore','2020-03-07 09:30:35','2021-03-09 13:50:28'),(471,2,1,2,4,5,2,28420.54,3,'ducimus','2021-02-06 10:36:24','2021-03-09 13:50:28'),(472,1,4,4,3,28,2,77732.02,0,'et','2020-10-06 09:34:48','2021-03-09 13:50:28'),(473,5,1,10,2,6,1,59920.68,0,'expedita','2020-08-09 03:33:53','2021-03-09 13:50:28'),(474,5,5,3,4,43,3,85247.45,3,'sit','2020-08-28 18:33:38','2021-03-09 13:50:28'),(475,5,8,1,3,0,1,1481.22,2,'sint','2020-07-18 03:11:26','2021-03-09 16:41:10'),(476,1,4,2,3,26,2,26214.14,2,'laborum','2020-04-28 00:03:38','2021-03-09 13:50:28'),(477,3,3,4,4,0,2,79717.09,2,'sunt','2021-01-08 05:12:05','2021-03-09 16:41:10'),(478,3,4,3,3,36,6,21331.68,2,'aut','2020-04-21 13:49:22','2021-03-09 13:50:28'),(479,7,3,5,1,0,4,13838.53,1,'nostrum','2020-07-30 10:16:27','2021-03-09 16:41:10'),(480,1,1,1,4,9,1,63846.86,0,'non','2020-09-18 11:50:29','2021-03-09 13:50:28'),(481,6,3,2,2,0,1,49699.35,2,'odit','2020-12-27 11:42:56','2021-03-09 16:41:10'),(482,5,1,3,1,5,6,57219.58,3,'voluptatibus','2021-01-30 22:55:27','2021-03-09 13:50:28'),(483,7,8,8,1,0,6,82440.07,1,'aut','2020-05-16 04:37:09','2021-03-09 16:41:10'),(484,4,6,2,4,58,1,19554.15,2,'at','2020-04-15 01:03:41','2021-03-09 13:50:28'),(485,2,2,6,2,22,1,78102.46,1,'culpa','2020-06-05 00:53:10','2021-03-09 13:50:28'),(486,1,1,7,4,7,3,94639.28,0,'maiores','2020-07-30 02:16:40','2021-03-09 13:50:28'),(487,3,5,8,3,43,2,3368.49,3,'impedit','2020-07-20 07:32:41','2021-03-09 13:50:28'),(488,6,3,8,4,0,1,31499.72,3,'ea','2020-06-24 12:52:07','2021-03-09 16:41:10'),(489,4,4,9,3,36,6,89689.98,1,'et','2020-06-01 13:56:07','2021-03-09 13:50:28'),(490,5,3,1,2,0,4,72109.78,0,'inventore','2020-07-04 06:11:12','2021-03-09 16:41:10'),(491,5,8,9,1,0,4,62718.42,3,'perspiciatis','2020-04-02 13:40:13','2021-03-09 16:41:10'),(492,3,2,9,3,14,1,87729.66,3,'nam','2021-01-05 09:41:30','2021-03-09 13:50:28'),(493,5,7,8,4,0,4,81239.18,3,'sunt','2020-11-24 14:14:57','2021-03-09 16:41:10'),(494,2,3,1,2,0,5,82355.66,1,'ex','2020-09-19 07:01:47','2021-03-09 16:41:10'),(495,2,5,4,1,45,6,65917.62,3,'et','2020-03-16 05:48:38','2021-03-09 13:50:28'),(496,5,4,8,4,26,1,46434.66,3,'voluptate','2020-04-18 23:24:31','2021-03-09 13:50:28'),(497,4,6,10,4,57,5,96689.88,3,'numquam','2021-01-18 21:37:00','2021-03-09 13:50:28'),(498,4,5,8,3,48,3,42772.09,0,'dolorem','2021-03-03 14:06:18','2021-03-09 13:50:28'),(499,2,4,10,1,35,5,72751.89,0,'alias','2021-02-06 22:04:10','2021-03-09 13:50:28'),(500,3,4,1,4,29,4,31399.85,0,'qui','2020-04-30 02:59:11','2021-03-09 13:50:28');
/*!40000 ALTER TABLE `products` ENABLE KEYS */;
UNLOCK TABLES;

--
-- Table structure for table `profiles`
--

DROP TABLE IF EXISTS `profiles`;
/*!40101 SET @saved_cs_client     = @@character_set_client */;
/*!50503 SET character_set_client = utf8mb4 */;
CREATE TABLE `profiles` (
  `user_id` int unsigned NOT NULL,
  `gender` enum('m','w') CHARACTER SET utf8mb4 COLLATE utf8mb4_unicode_ci NOT NULL,
  `city` varchar(100) CHARACTER SET utf8mb4 COLLATE utf8mb4_unicode_ci NOT NULL,
  `address` varchar(255) CHARACTER SET utf8mb4 COLLATE utf8mb4_unicode_ci DEFAULT NULL,
  `birthday` date DEFAULT NULL,
  `created_at` datetime DEFAULT CURRENT_TIMESTAMP,
  `update_at` datetime DEFAULT CURRENT_TIMESTAMP ON UPDATE CURRENT_TIMESTAMP,
  PRIMARY KEY (`user_id`),
  KEY `profiles_address_idx` (`address`),
  CONSTRAINT `profiles_user_id_fk` FOREIGN KEY (`user_id`) REFERENCES `users` (`id`) ON DELETE CASCADE
) ENGINE=InnoDB DEFAULT CHARSET=utf8mb4 COLLATE=utf8mb4_unicode_ci;
/*!40101 SET character_set_client = @saved_cs_client */;

--
-- Dumping data for table `profiles`
--

LOCK TABLES `profiles` WRITE;
/*!40000 ALTER TABLE `profiles` DISABLE KEYS */;
INSERT INTO `profiles` VALUES (1,'w','Lake Keshaun','5401 Sipes Avenue\nPort Mateo, CA 60173','2012-08-23','2017-06-25 08:21:05','2020-02-21 23:23:46'),(2,'w','South Mittieton','777 Dagmar Mission\nNorth Alayna, MN 56384-9857','1971-06-14','2014-05-22 06:01:10','2021-03-09 11:40:00'),(3,'m','East Breannaborough','375 Juanita Rue Apt. 199\nLaurelmouth, OR 51731','1980-12-30','2014-09-25 17:11:13','2021-03-09 11:40:00'),(4,'m','Jairoview','21264 Tromp Roads\nShawnfort, SC 92131-1360','2006-10-31','2019-09-22 08:34:28','2021-03-09 11:40:00'),(5,'w','Olsontown','526 Aufderhar Ford\nPort Modestaberg, CA 25825','2015-06-17','2016-12-31 07:15:58','2021-03-09 11:40:00'),(6,'m','Jedediahside','94959 Edna Green Apt. 503\nBechtelarfort, NC 21569-6366','2010-07-19','2017-10-23 22:39:12','2021-03-09 12:42:43'),(7,'w','Sethchester','0268 Candida Shoal Suite 601\nPort Alvenafort, MD 77542-1933','2006-06-15','2017-04-03 15:38:21','2017-09-13 19:55:54'),(8,'w','Napoleonport','2108 Joannie Way Apt. 448\nEunafort, PA 35774','1993-05-09','2015-10-16 07:09:18','2021-03-09 11:40:00'),(9,'w','North Edwardoside','65877 Bartoletti Fields\nLake Heatherberg, AL 15159','2002-08-04','2019-04-17 08:16:57','2021-03-09 11:40:00'),(10,'m','Dedrickchester','176 Joanne Parks\nPort Maddisonmouth, VT 13437-0940','2008-06-16','2011-06-09 08:18:09','2021-03-09 12:42:43'),(11,'w','South Darius','725 Khalid Fork Suite 931\nSouth Trenton, MD 09320','1995-03-23','2015-05-21 03:38:26','2020-09-29 18:02:37'),(12,'w','North Fannie','68445 Parker Viaduct Suite 893\nPort Vicente, WY 90252','2009-09-04','2015-07-26 04:14:51','2021-03-09 12:42:43'),(13,'m','Lake Matteo','1322 Gerardo Skyway\nSouth Cesar, VT 95369','1983-12-23','2012-03-18 07:36:03','2017-10-01 19:10:49'),(14,'w','Kilbackmouth','0616 Aurelie Throughway\nShanahanville, AK 19897','1972-09-20','2015-03-14 04:23:20','2018-04-18 12:30:10'),(15,'w','Briellebury','4279 Quitzon Ville\nWest Marcellus, HI 48041-2291','2001-06-18','2021-03-01 04:26:29','2021-03-09 11:40:00'),(16,'m','North Leonor','027 Jessika Roads\nSouth Hassie, OK 07063-7993','2004-04-19','2012-03-28 01:47:27','2014-03-31 22:12:22'),(17,'w','South Chaz','0016 Lowe Passage\nWest Elton, TN 90452','1981-05-24','2018-01-14 07:48:47','2021-03-09 11:40:00'),(18,'m','East Shanon','51223 Graham Mall\nTurnerfurt, NM 61737','2003-08-16','2018-04-18 03:35:26','2021-03-09 11:40:00'),(19,'m','East Lelamouth','421 Bashirian Lakes Apt. 095\nNorth Michale, VT 19863','1975-09-09','2013-04-01 07:33:40','2020-07-08 16:43:22'),(20,'w','East Reinhold','034 Toy Port Apt. 828\nPetermouth, WA 69682-9565','1975-01-31','2017-10-13 21:48:19','2021-03-09 11:40:00'),(21,'w','Danielland','519 O\'Hara Rest\nMadalyntown, IL 51871-9807','2013-08-25','2017-08-04 08:28:39','2020-06-21 02:19:14'),(22,'w','New Dockmouth','65577 Stiedemann Plaza Apt. 537\nCamronton, MN 97637-6763','1978-09-14','2011-06-30 17:56:41','2015-06-17 08:05:44'),(23,'w','East Jevon','35747 Borer Trail\nWhitebury, OR 87852-3116','1997-08-12','2020-12-14 21:52:50','2021-01-02 15:47:17'),(24,'w','South Patrick','248 Elisa Extension\nNew Laura, VT 22629','2011-06-15','2017-11-22 23:03:02','2019-12-18 17:29:36'),(25,'m','Eichmanntown','885 Mya Well\nLake Carley, KY 62096','2005-04-09','2021-01-30 14:20:42','2021-03-09 11:40:00'),(26,'w','Buddytown','353 Monahan Throughway Suite 777\nWest Larrystad, DE 92151','1986-12-08','2016-08-11 20:43:34','2021-03-09 11:40:00'),(27,'m','Minervaburgh','672 Carolyne Grove\nLegrosland, NV 95968-6544','2004-10-13','2019-09-19 12:54:02','2021-03-09 11:40:00'),(28,'w','Johnsview','2157 O\'Hara Coves Apt. 042\nSchmelerhaven, KY 27051','1981-07-02','2016-02-20 19:38:08','2018-05-18 04:22:18'),(29,'w','East Conner','206 Effertz Motorway Apt. 093\nZoieville, AK 74793','1986-12-30','2019-07-16 03:38:21','2019-08-07 09:15:17'),(30,'w','North Rigobertofurt','5745 Tiara Pine\nErvinland, CA 79487-2635','1996-10-14','2019-02-05 01:30:01','2020-07-19 21:08:38'),(31,'w','South Belle','13970 Cole Drives\nWolfffort, WI 70203-4076','2008-08-05','2014-05-16 18:12:23','2021-03-09 12:42:43'),(32,'w','Spinkaburgh','416 Anibal Port\nSouth Corneliusside, RI 67376-8081','2013-10-23','2017-07-10 07:55:30','2021-03-09 11:40:00'),(33,'m','Olsonburgh','877 Parisian Row\nHerzoghaven, NY 39523','2010-12-01','2015-05-05 03:55:24','2021-03-09 12:42:43'),(34,'w','East Ervin','2842 Brionna Run\nGerardview, MS 12609-0180','2003-11-19','2017-07-03 04:34:10','2021-03-09 11:40:00'),(35,'w','Rolfsonbury','77812 Oma Pines\nAhmadfort, KS 94438-9516','1997-12-31','2020-12-14 01:53:22','2021-03-09 11:40:00'),(36,'w','Bahringerfurt','5510 Hermann Highway Apt. 370\nPort Osvaldobury, AZ 88925','1994-08-13','2020-05-25 19:53:10','2021-03-09 11:40:00'),(37,'m','West Diamond','8133 Austyn Islands Suite 484\nHarrisonmouth, MD 23430-3725','2014-02-19','2017-09-12 02:03:35','2021-03-09 11:40:00'),(38,'m','Schaeferton','089 Rosalind Road\nKlockoton, NV 48583-8371','1992-05-27','2011-10-11 00:06:33','2019-12-17 18:26:08'),(39,'w','Wildermanburgh','637 Zakary Burg\nJerdeview, KS 52910-6137','1981-02-17','2011-11-25 21:45:18','2015-08-23 02:34:59'),(40,'w','Olliehaven','4091 Alivia Neck Suite 655\nMcGlynnport, MD 32573','1998-08-05','2016-01-26 04:05:47','2021-03-09 11:40:00'),(41,'w','Wiegandchester','6902 Cecil Circles Suite 046\nSouth Obie, MI 29170','2011-05-24','2015-01-26 06:25:34','2021-03-09 11:40:00'),(42,'m','Kutchhaven','46574 Dejah River Apt. 051\nNew Jonatanstad, WV 22522-9932','2003-01-12','2012-12-31 23:09:58','2021-03-09 12:42:43'),(43,'m','Port Barton','818 Madaline Tunnel\nNorth Myrna, CO 63270-0130','2011-03-01','2018-06-23 16:28:06','2021-03-09 11:40:00'),(44,'m','East Linda','746 Brown Brook Apt. 946\nPort Harmony, UT 58755','2009-01-10','2015-09-02 18:14:27','2021-03-09 12:42:43'),(45,'w','South Rosalynberg','3235 Cindy Mountains\nPort Oraton, MD 95801','1979-04-06','2012-03-11 21:53:00','2021-03-09 11:40:00'),(46,'m','Eichmannchester','89632 Fahey Shores Suite 069\nLake Stephon, SC 90521-5651','2006-04-10','2016-12-11 14:50:39','2021-02-15 08:56:20'),(47,'w','Port Mackenzie','83496 Bechtelar Causeway Suite 851\nJosefaborough, NM 93998-2913','1997-06-16','2019-12-27 06:12:04','2021-03-09 11:40:00'),(48,'m','West Bernitaport','238 Adelia Lane\nLake Elyssaland, SD 54115-6002','2011-01-13','2012-06-17 18:23:38','2020-07-02 06:30:47'),(49,'w','West Odessa','519 Bednar Bridge Apt. 696\nNew Madaline, MS 37924-7621','1977-07-10','2013-07-26 23:05:10','2018-05-02 17:22:57'),(50,'m','Kingside','0452 Lonnie Stravenue Suite 700\nSchultzside, SC 79522-3993','1990-06-04','2018-09-20 10:48:09','2020-08-12 06:48:52'),(51,'w','West Hellenchester','4829 Cheyanne Manor Suite 593\nNorth Hayden, MI 42693','1990-10-02','2019-01-30 04:15:54','2019-11-01 07:04:29'),(52,'w','East Jordan','38870 Dominic Dam Suite 492\nSouth Matt, ME 14662','1970-11-29','2012-03-29 16:09:02','2012-11-28 18:53:22'),(53,'m','Port Rosinafurt','525 Laurie Light Apt. 481\nJalenhaven, MI 27277-2102','1980-07-17','2016-03-01 21:04:00','2021-03-09 11:40:00'),(54,'m','Mayeberg','63372 Wolf Mill Suite 883\nKozeyport, IL 91916','1999-07-18','2020-08-26 06:45:04','2021-03-09 11:40:00'),(55,'w','Port Yasminechester','58117 Cristina Glens Apt. 383\nWest Germaine, VT 68591-8522','2007-06-19','2020-08-14 10:15:31','2021-03-09 11:40:00'),(56,'m','New Humbertochester','32634 Birdie Burg Suite 729\nNorth Ikeview, KY 15834-7887','1987-04-22','2014-07-05 12:26:13','2019-01-11 23:51:51'),(57,'m','New Enolastad','5289 Moses Isle Suite 518\nAnkundingland, WI 39881','2019-01-03','2019-07-27 08:03:06','2021-03-09 11:40:00'),(58,'m','Lake Leonora','2713 Douglas Plaza\nBeiertown, AL 50890-5153','2015-06-24','2016-09-12 07:26:45','2021-03-09 11:40:00'),(59,'m','Hilllshire','4581 Crystal Island\nBlickland, PA 43594','1982-02-13','2014-08-03 22:00:51','2014-10-19 07:20:12'),(60,'m','Deckowberg','435 Elza Crest Suite 909\nNorth Alvera, NE 39127-1719','1980-04-18','2013-10-04 10:21:12','2021-03-09 11:40:00'),(61,'m','Rebekashire','4108 Alexanne Loop\nPort Herbert, WA 81429-7629','1989-12-22','2018-12-26 20:57:02','2021-03-09 11:40:00'),(62,'m','Millertown','88434 Burnice Greens Apt. 970\nEast Houstonberg, FL 05187','1977-06-07','2017-09-12 22:13:34','2021-03-09 11:40:00'),(63,'w','North Jaredland','65670 Goyette Station Suite 083\nEast Laron, MI 58467-0468','1973-05-14','2016-07-25 04:54:46','2017-11-01 08:42:16'),(64,'m','East Percy','06757 McDermott Lakes Suite 068\nEduardoberg, OH 62532','2014-12-16','2016-07-20 17:17:21','2019-07-24 04:55:13'),(65,'w','South Abelardo','5621 Juwan Unions Apt. 411\nWest Gideon, NJ 00395-5377','1981-10-18','2011-05-21 17:29:18','2016-09-23 10:21:22'),(66,'m','Chadville','082 Ziemann Land\nMoenborough, ND 52974-5348','2016-01-01','2019-09-25 15:25:39','2021-01-22 11:55:46'),(67,'w','West Hazle','3323 Davis Lock\nNorth Dimitri, AL 22807','1988-06-21','2018-06-23 02:42:52','2021-03-09 11:40:00'),(68,'m','Sidneyville','57978 Kerluke Spurs\nLangchester, SC 75579','1994-10-28','2017-03-30 02:57:54','2021-03-09 11:40:00'),(69,'m','Torphyburgh','239 Lebsack Ramp Apt. 271\nNorth Leopoldo, NM 18167','1981-04-27','2019-02-25 06:32:00','2021-03-09 11:40:00'),(70,'w','Kianastad','1640 Lynch Center\nJohnsonshire, NH 12053','1975-05-06','2014-07-09 11:50:50','2021-03-09 11:40:00'),(71,'w','West Mohamedbury','315 Dewitt Rapids Apt. 698\nSigridport, VA 93078-8152','1983-10-08','2012-05-16 16:20:57','2015-08-20 18:16:56'),(72,'w','East Hectorville','9592 Adaline Club\nPort Noelialand, MT 54506','2009-12-25','2011-12-01 06:03:25','2012-06-06 08:24:28'),(73,'w','West Leonel','68188 Kiehn Plain Apt. 321\nLewisborough, IN 72285-1437','2001-08-02','2013-03-04 12:57:26','2014-12-03 04:26:26'),(74,'w','South Natalie','801 Narciso Curve\nNew Brucechester, FL 81403','1983-05-10','2015-11-01 01:00:45','2016-11-07 14:16:52'),(75,'m','Toytown','62915 Ebert Knoll\nCartwrightville, TX 95928-3827','1988-06-29','2013-05-07 07:26:48','2016-02-15 10:25:12'),(76,'m','Port Sid','56876 Esta Fords Suite 121\nJasonhaven, MT 19574','1976-04-03','2017-11-21 04:08:26','2020-12-14 10:40:50'),(77,'m','North Dion','52940 Schamberger Grove\nLake Khalidfort, NC 98786-9856','2001-09-16','2015-12-12 16:52:46','2017-10-12 23:20:46'),(78,'w','Aldaville','1722 Verner Stream\nNew Owen, DE 68052-6259','1975-03-16','2016-08-09 15:31:35','2017-10-14 06:08:40'),(79,'m','North Virgieborough','1673 Bo Row Apt. 534\nLake Thalia, ND 42444','1975-05-04','2013-01-31 09:03:50','2020-02-10 21:42:05'),(80,'w','East Leda','830 Llewellyn Locks Suite 925\nMatildeshire, SC 25812-6386','1976-08-21','2019-05-25 20:36:13','2021-03-09 11:40:00'),(81,'w','Lake Mollie','8315 Littel Harbor Apt. 829\nAnjalimouth, MS 33518','2016-01-29','2018-12-30 22:23:20','2021-03-09 11:40:00'),(82,'w','Schoenfort','77727 Helmer Views\nLake Tonytown, AZ 56087-1496','2012-01-29','2014-03-08 20:44:59','2015-07-12 06:21:23'),(83,'w','Port Ursula','7722 Violet Station Apt. 501\nRunolfssonton, NV 59458-8129','2004-01-04','2013-07-09 20:22:50','2016-04-16 01:44:25'),(84,'w','Ivyside','4663 Wilkinson Rue\nTrentport, NY 41447','1979-09-02','2019-04-17 02:29:53','2021-03-09 11:40:00'),(85,'w','New Daxmouth','546 Bettye Trail\nSouth Carsonland, MA 50026','1988-07-29','2014-02-20 02:39:29','2019-03-18 18:41:00'),(86,'w','Luettgenmouth','297 Price Spurs\nStarkshire, DC 03808-9479','1975-01-13','2016-03-14 18:46:28','2017-11-21 15:17:57'),(87,'w','Lake Shayneborough','859 Libby Springs\nNorth Russelstad, MT 00532','1999-02-23','2014-02-26 23:30:30','2021-03-09 11:40:00'),(88,'m','Lake Katelynn','813 Destin Canyon Apt. 016\nNew Madelynnview, LA 96705-9328','1990-03-24','2017-08-02 04:44:41','2021-03-09 11:40:00'),(89,'w','New Lessiehaven','58241 Dooley Island\nEast Reba, GA 33608-5046','1999-04-17','2016-09-23 10:21:08','2021-03-09 11:40:00'),(90,'m','Mabelleport','07501 Ritchie Ramp Apt. 226\nGildaton, NH 51785-9284','1991-11-27','2016-11-04 14:06:31','2021-03-09 11:40:00'),(91,'w','South Jacquelynbury','192 Witting Fields Suite 671\nKertzmannland, AL 80230-4758','2009-04-17','2012-11-05 13:15:32','2021-03-09 12:42:43'),(92,'m','Port Lucioville','67718 Winston Ford Apt. 003\nLake Sydnimouth, VT 01666-2970','1985-01-31','2011-10-14 21:32:09','2013-09-18 12:20:18'),(93,'m','Shanahantown','90748 Stoltenberg Shoal\nJohnsonborough, DC 14987','1972-10-12','2020-10-31 10:48:31','2021-03-09 11:40:00'),(94,'m','North Mayview','4978 Alejandra Mission Apt. 071\nWest Vivienne, MA 99135','2012-05-04','2013-12-31 18:37:35','2014-12-11 06:38:08'),(95,'m','Pabloside','0720 Dixie Circles Apt. 740\nPort Noemitown, MT 90472','1996-12-24','2017-09-24 15:06:54','2021-03-09 11:40:00'),(96,'w','Rodrickborough','14668 Dietrich Well\nLake Gianni, CO 15136-6571','1982-06-03','2013-07-07 14:00:44','2019-05-14 17:36:49'),(97,'w','Wymanmouth','7514 Mauricio Causeway\nNorth Stephany, MA 73653','1993-12-23','2021-03-01 23:55:42','2021-03-09 11:40:00'),(98,'w','South Celineburgh','6944 Johanna Parks\nLake Willis, NY 10020-9443','1992-03-27','2020-10-26 20:21:30','2021-03-09 11:40:00'),(99,'w','Urbanfurt','9885 Marquis Crescent\nKochfurt, GA 27200','1973-08-10','2011-11-01 20:15:19','2018-06-02 07:49:09'),(100,'w','North Armandoside','07983 Alycia Throughway\nWest Marielleberg, OR 72229-9151','1973-07-19','2020-03-20 03:15:37','2021-03-09 11:40:00');
/*!40000 ALTER TABLE `profiles` ENABLE KEYS */;
UNLOCK TABLES;

--
-- Table structure for table `sizes`
--

DROP TABLE IF EXISTS `sizes`;
/*!40101 SET @saved_cs_client     = @@character_set_client */;
/*!50503 SET character_set_client = utf8mb4 */;
CREATE TABLE `sizes` (
  `id` int unsigned NOT NULL AUTO_INCREMENT,
  `category_type_id` int unsigned NOT NULL,
  `value` decimal(5,1) NOT NULL,
  PRIMARY KEY (`id`),
  KEY `size_category_type_id_fk` (`category_type_id`),
  CONSTRAINT `size_category_type_id_fk` FOREIGN KEY (`category_type_id`) REFERENCES `categories_types` (`id`) ON DELETE CASCADE,
  CONSTRAINT `user_category_type_id_fk` FOREIGN KEY (`category_type_id`) REFERENCES `categories_types` (`id`) ON DELETE CASCADE
) ENGINE=InnoDB AUTO_INCREMENT=73 DEFAULT CHARSET=utf8mb4 COLLATE=utf8mb4_unicode_ci;
/*!40101 SET character_set_client = @saved_cs_client */;

--
-- Dumping data for table `sizes`
--

LOCK TABLES `sizes` WRITE;
/*!40000 ALTER TABLE `sizes` DISABLE KEYS */;
INSERT INTO `sizes` VALUES (1,1,15.0),(2,1,15.5),(3,1,16.0),(4,1,16.5),(5,1,17.0),(6,1,17.5),(7,1,18.0),(8,1,18.5),(9,1,19.0),(10,1,19.5),(11,1,20.0),(12,1,20.5),(13,2,10.0),(14,2,11.0),(15,2,12.0),(16,2,13.0),(17,2,14.0),(18,2,15.0),(19,2,16.0),(20,2,17.0),(21,2,18.0),(22,2,19.0),(23,2,20.0),(24,2,25.0),(25,4,16.0),(26,4,17.0),(27,4,17.5),(28,4,18.0),(29,4,18.5),(30,4,19.0),(31,4,19.5),(32,4,20.0),(33,4,21.0),(34,4,22.0),(35,4,23.0),(36,4,24.0),(37,5,15.0),(38,5,16.5),(39,5,17.0),(40,5,18.0),(41,5,18.5),(42,5,19.0),(43,5,20.0),(44,5,20.5),(45,5,21.0),(46,5,22.0),(47,5,23.0),(48,5,24.0),(49,6,38.0),(50,6,40.0),(51,6,42.0),(52,6,43.0),(53,6,45.0),(54,6,50.0),(55,6,55.0),(56,6,60.0),(57,6,65.0),(58,6,70.0),(59,6,75.0),(60,6,80.0);
/*!40000 ALTER TABLE `sizes` ENABLE KEYS */;
UNLOCK TABLES;

--
-- Table structure for table `users`
--

DROP TABLE IF EXISTS `users`;
/*!40101 SET @saved_cs_client     = @@character_set_client */;
/*!50503 SET character_set_client = utf8mb4 */;
CREATE TABLE `users` (
  `id` int unsigned NOT NULL AUTO_INCREMENT,
  `username` varchar(100) CHARACTER SET utf8mb4 COLLATE utf8mb4_unicode_ci NOT NULL,
  `first_name` varchar(100) CHARACTER SET utf8mb4 COLLATE utf8mb4_unicode_ci NOT NULL,
  `last_name` varchar(100) CHARACTER SET utf8mb4 COLLATE utf8mb4_unicode_ci NOT NULL,
  `email` varchar(100) CHARACTER SET utf8mb4 COLLATE utf8mb4_unicode_ci NOT NULL,
  `phone` varchar(100) CHARACTER SET utf8mb4 COLLATE utf8mb4_unicode_ci NOT NULL,
  `created_at` datetime DEFAULT CURRENT_TIMESTAMP,
  `update_at` datetime DEFAULT CURRENT_TIMESTAMP ON UPDATE CURRENT_TIMESTAMP,
  PRIMARY KEY (`id`),
  UNIQUE KEY `email` (`email`),
  UNIQUE KEY `phone` (`phone`),
  UNIQUE KEY `users_username_uq` (`username`)
) ENGINE=InnoDB AUTO_INCREMENT=101 DEFAULT CHARSET=utf8mb4 COLLATE=utf8mb4_unicode_ci;
/*!40101 SET character_set_client = @saved_cs_client */;

--
-- Dumping data for table `users`
--

LOCK TABLES `users` WRITE;
/*!40000 ALTER TABLE `users` DISABLE KEYS */;
INSERT INTO `users` VALUES (1,'sheridan.fisher','Buford','Gleason','gottlieb.stanton@erdman.com','935-820-6189x26561','1943-12-13 06:46:20','1976-07-13 07:29:15'),(2,'coralie.williamson','Sadie','Schiller','cassin.crawford@gmail.com','312-930-3075','1934-03-23 13:12:45','2020-09-17 07:13:36'),(3,'smills','Jean','Mitchell','gleason.cortney@yahoo.com','763.276.1869','1935-12-07 22:37:56','1944-06-06 15:48:55'),(4,'catalina.ryan','Mack','Marks','murazik.colleen@yahoo.com','1-593-113-1337','1924-07-15 14:31:54','1979-02-13 06:12:35'),(5,'lenny32','Sylvester','Reichert','bbartoletti@kunzesauer.biz','+57(2)9711913967','1998-04-07 23:00:31','2021-03-09 13:54:27'),(6,'uchamplin','Ladarius','Padberg','shields.leo@hotmail.com','287.087.7979','1976-06-27 21:57:59','2021-03-09 13:54:27'),(7,'hudson.einar','Dayana','Macejkovic','ierdman@gmail.com','542-070-1412x2153','1930-06-19 21:22:03','2011-01-19 19:21:46'),(8,'ressie27','Genesis','Ankunding','liliana.kunze@satterfield.com','205-399-3674x553','2002-03-20 03:41:06','2008-08-21 07:11:40'),(9,'sarina.boehm','Laney','Hills','justyn.stoltenberg@hotmail.com','(582)984-5524x74264','1954-07-06 20:40:50','1988-05-31 10:22:54'),(10,'ledner.darwin','Cassandre','Huels','auer.mia@yahoo.com','(723)935-5474x90748','1932-07-27 17:41:35','1954-06-19 09:28:13'),(11,'adolphus82','Llewellyn','Wolf','nmetz@watsica.com','+16(9)8833959006','2010-01-25 13:04:20','2021-03-09 13:54:27'),(12,'sweimann','Christophe','Terry','kameron.schamberger@robel.com','+61(2)8654189497','1993-03-08 10:36:42','2021-03-09 13:54:27'),(13,'frances.hudson','Marlee','D\'Amore','catalina.mann@gmail.com','1-090-819-3750x671','2016-10-31 10:21:26','2021-03-09 13:54:27'),(14,'reinger.horacio','Chadd','Herzog','hegmann.tanya@ziemeconroy.com','610.107.8171','1933-10-20 12:25:00','2021-03-09 13:54:27'),(15,'davis.libby','Nestor','Kshlerin','pabernathy@yahoo.com','376-760-5913','1938-02-24 15:17:02','2004-03-01 13:25:23'),(16,'ashtyn06','Gay','Larson','fernando19@ebert.com','1-799-608-6225','1967-05-24 22:19:19','2021-03-09 13:54:27'),(17,'laura.fahey','Fernando','Turner','krista60@lowe.com','1-090-345-2314x6673','1954-06-30 20:27:53','2015-10-04 04:49:06'),(18,'guy47','Bernadette','Brown','hahn.mae@yahoo.com','(709)607-2149x326','2016-09-16 01:17:01','2021-03-09 13:54:27'),(19,'saul66','Annie','Carroll','broderick06@bernhardfeest.com','653.852.6487x08507','2014-07-31 19:49:45','2021-03-09 13:54:27'),(20,'bella20','Dustin','Crooks','pamela80@bartellromaguera.com','(215)580-9828','1958-01-29 11:24:23','2005-08-05 14:16:06'),(21,'ohickle','Mia','Eichmann','cleora.walsh@hotmail.com','(841)211-1008x828','1944-02-04 11:53:35','2002-08-06 23:43:14'),(22,'ebert.clara','Cielo','Schinner','verla92@stamm.biz','242.924.4058x59811','1988-06-25 06:19:38','2021-03-09 13:54:27'),(23,'zhudson','Asia','Parker','jett26@morar.com','786.876.6373x800','2018-09-19 10:32:28','2021-03-09 13:54:27'),(24,'kstanton','Peyton','Bergstrom','drosenbaum@keebler.com','09974913443','1986-12-05 15:07:41','2021-03-09 13:54:27'),(25,'bhauck','Sammie','Leffler','khalil22@hotmail.com','(247)070-5483x6198','2017-05-20 14:23:01','2021-03-09 13:54:27'),(26,'yadira14','Marcellus','Conn','jesse.ruecker@bogan.com','1-228-696-5935x69742','1946-04-30 22:59:39','1974-10-27 04:51:11'),(27,'jarmstrong','Jed','Altenwerth','kattie.hodkiewicz@hotmail.com','327-783-3389x04341','1931-08-09 00:11:37','1982-05-27 02:26:48'),(28,'betty91','Hildegard','Kovacek','teagan.jacobs@hotmail.com','648.438.3766x08443','1929-11-09 16:31:42','2021-03-09 13:54:27'),(29,'wschamberger','Emmitt','Robel','marcellus96@hotmail.com','901.133.7157x71054','2015-09-23 08:09:58','2021-03-09 13:54:27'),(30,'anibal.glover','Ryan','Paucek','christina.swift@yahoo.com','081-302-0626','1979-07-05 02:56:14','2021-03-09 13:54:27'),(31,'dale.collins','Kelsie','Rosenbaum','bschaden@hotmail.com','934.111.1232x5157','1925-09-01 06:36:22','2013-12-26 23:24:04'),(32,'goldner.savannah','Keira','Funk','uhyatt@hotmail.com','735-257-6895x60238','1947-08-11 11:24:52','2021-03-09 13:54:27'),(33,'omer.barrows','Maryse','Effertz','ratke.micaela@reingermarvin.com','098-774-5458x3120','1993-04-02 12:08:51','2021-03-09 13:54:27'),(34,'morgan.heathcote','Elmore','Waelchi','monahan.augustine@tremblayweber.net','(274)842-8797x462','1985-02-26 19:09:31','1989-12-19 05:41:58'),(35,'pierre.mueller','Rylee','Bechtelar','ilockman@yahoo.com','(681)734-0553','1994-04-04 05:18:30','2003-07-08 19:45:33'),(36,'alexandre53','Carolyn','Littel','abbigail.metz@yahoo.com','765.751.5959','1956-04-02 17:09:41','1989-07-04 12:08:15'),(37,'thiel.maynard','Geo','Erdman','nbreitenberg@zboncak.com','921-040-2198x289','1932-09-26 07:09:11','2006-12-14 13:02:40'),(38,'kmarquardt','Joan','Wolff','douglas.madeline@carroll.info','1-073-358-5725x6642','1961-01-06 08:36:27','2021-03-09 13:54:27'),(39,'franecki.gabrielle','Gage','Dickens','keaton75@hotmail.com','07618127628','1966-09-15 09:15:43','2021-03-09 13:54:27'),(40,'fredy82','Jewel','Christiansen','tiffany00@welchnader.biz','00508015519','1989-10-24 06:32:48','2015-12-21 11:15:20'),(41,'xschowalter','Otha','Greenholt','dorris.mohr@baumbachemard.com','(907)111-6486x591','1955-01-18 15:20:26','2021-03-09 13:54:27'),(42,'garnett93','Mina','Kihn','jast.audreanne@gmail.com','917.608.5590x4249','1988-07-23 07:13:37','2019-04-29 20:04:46'),(43,'oortiz','Willy','Koelpin','rose52@thompson.biz','001-395-7299','1948-06-20 08:49:44','2021-03-09 13:54:27'),(44,'tmacejkovic','Keeley','Gutkowski','brendan89@hotmail.com','(981)825-0040x90916','1946-02-23 15:33:03','2021-03-09 13:54:27'),(45,'ursula.smitham','Sally','Runolfsdottir','leanna.anderson@hotmail.com','1-448-117-9457x7501','2000-10-05 05:47:47','2010-01-19 13:35:41'),(46,'madelyn59','Augustine','Heidenreich','clarissa53@murrayterry.org','1-993-961-9006','2015-03-04 01:33:04','2021-03-09 13:54:27'),(47,'hbrekke','Madelyn','Gaylord','smitham.grover@macejkovicblick.com','287-896-2537x2691','1926-05-21 05:54:50','1981-10-10 23:27:53'),(48,'beau30','Jordi','Hudson','zane38@gmail.com','768.962.6152','1958-08-27 01:00:26','1959-09-23 21:47:54'),(49,'nikko66','Keeley','Carroll','jose93@bartellrobel.com','151.740.2399','2006-12-24 17:12:58','2021-03-09 13:54:27'),(50,'arno.monahan','Gianni','Weissnat','delphine64@hotmail.com','(694)561-8372','1970-02-14 14:04:33','2021-03-09 13:54:27'),(51,'gkrajcik','Brittany','Block','modesto16@hotmail.com','(307)731-6617x6759','1980-11-16 23:47:47','2021-03-09 13:54:27'),(52,'lilyan.skiles','Dereck','Willms','wilderman.mortimer@gmail.com','1-514-422-4813','1974-06-02 05:35:06','1997-01-30 22:26:40'),(53,'altenwerth.jackeline','Kamron','Gerhold','jacobson.carley@hansenstokes.com','933.574.6871','1978-07-24 05:38:07','2021-03-09 13:54:27'),(54,'jrenner','Garrick','Blanda','ujaskolski@friesenboyle.com','399-032-6588','1945-12-14 14:07:06','1976-07-23 14:29:45'),(55,'aschaefer','Edison','Schmidt','jwilkinson@gmail.com','101.360.4575x9547','1926-05-14 18:03:37','2004-04-23 23:02:17'),(56,'eblanda','Ellie','Huels','nedra.kiehn@hotmail.com','652.579.9589x14850','1995-09-24 09:37:23','2021-03-09 13:54:27'),(57,'fermin77','Hilbert','Casper','harmony.turcotte@bartellkshlerin.net','597.810.4054x79208','1927-05-10 22:44:48','2021-03-09 13:54:27'),(58,'pparisian','Zita','Daugherty','fcruickshank@johnsonreilly.biz','176.064.7092x320','1981-10-18 23:38:23','2021-03-09 13:54:27'),(59,'okeeling','Savion','Bode','kennedi74@little.com','(795)531-3362','1968-09-14 22:31:02','2021-03-09 13:54:27'),(60,'dickinson.cicero','Kade','Homenick','csmith@herzogmoore.net','1-432-645-5305x4854','1982-02-01 14:36:54','1982-02-11 17:39:50'),(61,'cody.bartoletti','Kaela','Kiehn','dare.wilmer@prohaskagerhold.net','518-193-4277x09507','2010-11-22 13:44:37','2021-03-09 13:54:27'),(62,'rempel.savannah','Joany','Hudson','roy.terry@gmail.com','236-675-7480x066','2020-01-23 17:39:23','2021-03-09 13:54:27'),(63,'aleen26','Shakira','Tillman','jordan.hauck@larsonconsidine.com','(117)978-7623x65096','1939-01-08 07:31:03','1966-09-27 01:58:20'),(64,'qhane','Jamel','Bruen','kuhn.stacey@corkerylittel.com','1-819-542-2298','1990-07-25 02:15:04','2021-03-09 13:54:27'),(65,'carter.kasandra','Cassidy','Schultz','lina73@hotmail.com','1-123-195-9722x752','1924-08-21 16:37:37','1985-12-15 23:56:38'),(66,'goldner.matilde','Mauricio','Dare','neha.stark@yahoo.com','04036428297','1998-12-16 09:08:46','2021-03-09 13:54:27'),(67,'mschuppe','Sonya','Carroll','anderson.clyde@abshirelegros.com','576.657.8929x60392','1923-01-24 07:45:38','1936-12-01 10:43:48'),(68,'brempel','Thalia','Huel','brent31@gmail.com','051-763-8846x7233','1967-04-23 03:45:30','2004-05-23 06:02:12'),(69,'sam.koelpin','Dejuan','Champlin','mitchell.zboncak@hotmail.com','164-291-6683x0151','1986-03-22 20:57:15','2001-05-22 12:05:01'),(70,'preynolds','Elijah','Hirthe','rey72@hotmail.com','444-238-7382','1969-09-05 03:36:53','1986-07-19 00:37:11'),(71,'marilou92','Amparo','Simonis','gerhard03@kuhlman.com','691.531.5193','1999-11-11 16:59:38','2021-03-09 13:54:27'),(72,'kade03','Bernadette','Paucek','fabian93@lesch.biz','227-820-3345','1941-03-22 02:07:28','1952-06-02 03:21:33'),(73,'eloise.williamson','Alysson','Cruickshank','kerluke.maddison@friesen.com','(505)402-8565','1978-08-24 11:00:23','1997-03-11 05:12:18'),(74,'white.alphonso','Everett','Greenholt','batz.dorian@rau.info','+84(5)4469312362','1981-12-11 10:24:29','2021-03-09 13:54:27'),(75,'okuneva.agustin','Margie','Weber','drew.schaefer@yahoo.com','474-404-4420','1986-09-11 14:30:33','2021-03-09 13:54:27'),(76,'harry94','Reyes','Hilpert','hayes.harmon@hotmail.com','02413010296','1950-09-16 15:05:20','2021-03-09 13:54:27'),(77,'crawford.lind','Filomena','Cartwright','flatley.meagan@mertz.com','1-808-590-9719x4588','1926-03-22 06:41:13','1950-12-23 02:47:14'),(78,'perry.o\'hara','Soledad','Ankunding','celia98@yahoo.com','00161199002','1986-06-19 23:58:09','2005-12-15 22:26:33'),(79,'rhiannon.durgan','Brandyn','Wisoky','jeffry41@gmail.com','414-358-2052x735','1995-02-27 17:20:30','2021-03-09 13:54:27'),(80,'trycia82','Ramiro','Hirthe','hammes.antwon@wisozk.com','02167156897','1923-05-04 04:05:20','1975-03-10 15:16:10'),(81,'zora91','Lorna','Gleichner','lhettinger@gmail.com','(917)311-1153x9342','1926-01-25 00:52:54','1959-07-25 23:25:39'),(82,'oliver.bartoletti','Ivah','Grant','doyle.ismael@bayer.com','07930389542','1990-12-21 01:40:40','2021-03-09 13:54:27'),(83,'cnikolaus','Khalid','Mosciski','jaydon.douglas@ohara.com','1-883-115-3188','1984-11-16 20:52:28','1986-02-17 05:26:56'),(84,'zachery82','Jarrett','Gutkowski','willms.vivien@pagac.com','606.321.6867','2011-08-18 20:56:19','2021-03-09 13:54:27'),(85,'meagan.prosacco','Shaun','Jacobson','fkris@yahoo.com','04078137089','1993-06-11 21:31:01','2021-03-09 13:54:27'),(86,'mittie52','Hollie','Medhurst','hauck.dell@breitenberg.net','654.691.4536x34086','1948-01-16 03:50:54','1993-02-14 04:14:33'),(87,'nfay','Francisca','Tromp','ukris@wisoky.com','+07(7)7074086891','1974-10-21 11:14:24','2010-07-16 00:12:11'),(88,'adah06','Sierra','Aufderhar','gbauch@becker.info','1-800-443-4644','1962-03-23 13:30:56','2013-05-14 17:41:14'),(89,'hackett.nicole','Willa','Macejkovic','demario.mraz@hotmail.com','(558)864-9309','2014-06-06 18:05:43','2021-03-09 13:54:27'),(90,'windler.tyrel','Claudine','Buckridge','king.alessia@dare.com','119-785-7722','1923-10-17 13:09:30','2021-03-09 13:54:27'),(91,'jbeatty','Maiya','Raynor','fschroeder@gmail.com','687-201-6769x6993','1941-07-01 00:53:51','1976-08-29 18:42:41'),(92,'leonie38','Christiana','Emmerich','treva57@russel.com','05229382029','2010-08-15 17:35:37','2016-12-01 10:47:14'),(93,'walker.hanna','Anahi','Hessel','eankunding@frami.com','(610)199-3864','1923-12-02 16:56:42','2008-01-09 23:26:46'),(94,'laverna64','Sigmund','Kilback','amcdermott@gmail.com','997.166.7114x8306','1936-02-02 08:41:41','1950-03-11 08:05:36'),(95,'fkuhic','Ethyl','Bogisich','qsenger@yahoo.com','(830)653-5549x64768','1947-12-27 23:42:54','1970-01-25 03:38:09'),(96,'krystal.kunde','Erich','Brakus','o\'conner.sheldon@yahoo.com','1-614-777-4995','1974-02-27 11:30:28','2021-03-09 13:54:27'),(97,'jimmy.lockman','Horace','Wehner','eichmann.hazle@gmail.com','593.416.9524','1945-04-11 01:23:35','2020-01-24 04:39:19'),(98,'roberta69','Doyle','Carroll','rosa97@gmail.com','+44(4)5526622099','1979-02-26 23:01:00','2021-03-09 13:54:27'),(99,'ortiz.jany','Fred','Treutel','xemard@jerde.com','563-136-5671','1973-03-18 19:45:35','2021-03-09 13:54:27'),(100,'lysanne.hickle','Major','Schuppe','vtillman@okonhagenes.info','+88(9)9033328661','1935-01-17 03:28:25','2015-04-26 08:04:19');
/*!40000 ALTER TABLE `users` ENABLE KEYS */;
UNLOCK TABLES;
/*!50003 SET @saved_cs_client      = @@character_set_client */ ;
/*!50003 SET @saved_cs_results     = @@character_set_results */ ;
/*!50003 SET @saved_col_connection = @@collation_connection */ ;
/*!50003 SET character_set_client  = utf8mb4 */ ;
/*!50003 SET character_set_results = utf8mb4 */ ;
/*!50003 SET collation_connection  = utf8mb4_0900_ai_ci */ ;
/*!50003 SET @saved_sql_mode       = @@sql_mode */ ;
/*!50003 SET sql_mode              = 'STRICT_TRANS_TABLES,NO_ENGINE_SUBSTITUTION' */ ;
DELIMITER ;;
/*!50003 CREATE*/ /*!50017 DEFINER=`root`@`localhost`*/ /*!50003 TRIGGER `usernme_validate_on_insert` BEFORE INSERT ON `users` FOR EACH ROW BEGIN
  IF NEW.username IN(SELECT username FROM users) THEN
    SIGNAL SQLSTATE '45000'
    SET MESSAGE_TEXT = 'Такое имя уже существует';
  END IF;
END */;;
DELIMITER ;
/*!50003 SET sql_mode              = @saved_sql_mode */ ;
/*!50003 SET character_set_client  = @saved_cs_client */ ;
/*!50003 SET character_set_results = @saved_cs_results */ ;
/*!50003 SET collation_connection  = @saved_col_connection */ ;
/*!50003 SET @saved_cs_client      = @@character_set_client */ ;
/*!50003 SET @saved_cs_results     = @@character_set_results */ ;
/*!50003 SET @saved_col_connection = @@collation_connection */ ;
/*!50003 SET character_set_client  = utf8mb4 */ ;
/*!50003 SET character_set_results = utf8mb4 */ ;
/*!50003 SET collation_connection  = utf8mb4_0900_ai_ci */ ;
/*!50003 SET @saved_sql_mode       = @@sql_mode */ ;
/*!50003 SET sql_mode              = 'STRICT_TRANS_TABLES,NO_ENGINE_SUBSTITUTION' */ ;
DELIMITER ;;
/*!50003 CREATE*/ /*!50017 DEFINER=`root`@`localhost`*/ /*!50003 TRIGGER `usernme_validate_on_update` BEFORE UPDATE ON `users` FOR EACH ROW BEGIN
  IF NEW.username IN(SELECT username FROM users) THEN
    SIGNAL SQLSTATE '45000'
    SET MESSAGE_TEXT = 'Такое имя уже существует';
  END IF;
END */;;
DELIMITER ;
/*!50003 SET sql_mode              = @saved_sql_mode */ ;
/*!50003 SET character_set_client  = @saved_cs_client */ ;
/*!50003 SET character_set_results = @saved_cs_results */ ;
/*!50003 SET collation_connection  = @saved_col_connection */ ;

--
-- Final view structure for view `buy_address`
--

/*!50001 DROP VIEW IF EXISTS `buy_address`*/;
/*!50001 SET @saved_cs_client          = @@character_set_client */;
/*!50001 SET @saved_cs_results         = @@character_set_results */;
/*!50001 SET @saved_col_connection     = @@collation_connection */;
/*!50001 SET character_set_client      = utf8mb4 */;
/*!50001 SET character_set_results     = utf8mb4 */;
/*!50001 SET collation_connection      = utf8mb4_0900_ai_ci */;
/*!50001 CREATE ALGORITHM=UNDEFINED */
/*!50013 DEFINER=`root`@`localhost` SQL SECURITY DEFINER */
/*!50001 VIEW `buy_address` AS select concat(`u`.`first_name`,' ',`u`.`last_name`) AS `user`,`u`.`phone` AS `phone`,`p`.`address` AS `address` from ((`users` `u` join `orders` `o` on((`u`.`id` = `o`.`user_id`))) join `profiles` `p` on((`u`.`id` = `p`.`user_id`))) group by `user` */;
/*!50001 SET character_set_client      = @saved_cs_client */;
/*!50001 SET character_set_results     = @saved_cs_results */;
/*!50001 SET collation_connection      = @saved_col_connection */;

--
-- Final view structure for view `product_with_discount`
--

/*!50001 DROP VIEW IF EXISTS `product_with_discount`*/;
/*!50001 SET @saved_cs_client          = @@character_set_client */;
/*!50001 SET @saved_cs_results         = @@character_set_results */;
/*!50001 SET @saved_col_connection     = @@collation_connection */;
/*!50001 SET character_set_client      = utf8mb4 */;
/*!50001 SET character_set_results     = utf8mb4 */;
/*!50001 SET collation_connection      = utf8mb4_0900_ai_ci */;
/*!50001 CREATE ALGORITHM=UNDEFINED */
/*!50013 DEFINER=`root`@`localhost` SQL SECURITY DEFINER */
/*!50001 VIEW `product_with_discount` AS select `catt`.`name` AS `category`,`b`.`name` AS `brand`,`p`.`price` AS `price`,format((`p`.`price` - (`p`.`price` * `d`.`discount`)),2) AS `price_with_discount` from (((`products` `p` join `categories_types` `catt` on((`p`.`category_type_id` = `catt`.`id`))) join `brands` `b` on((`p`.`brand_id` = `b`.`id`))) join `discounts` `d` on((`p`.`id` = `d`.`product_id`))) */;
/*!50001 SET character_set_client      = @saved_cs_client */;
/*!50001 SET character_set_results     = @saved_cs_results */;
/*!50001 SET collation_connection      = @saved_col_connection */;
/*!40103 SET TIME_ZONE=@OLD_TIME_ZONE */;

/*!40101 SET SQL_MODE=@OLD_SQL_MODE */;
/*!40014 SET FOREIGN_KEY_CHECKS=@OLD_FOREIGN_KEY_CHECKS */;
/*!40014 SET UNIQUE_CHECKS=@OLD_UNIQUE_CHECKS */;
/*!40101 SET CHARACTER_SET_CLIENT=@OLD_CHARACTER_SET_CLIENT */;
/*!40101 SET CHARACTER_SET_RESULTS=@OLD_CHARACTER_SET_RESULTS */;
/*!40101 SET COLLATION_CONNECTION=@OLD_COLLATION_CONNECTION */;
/*!40111 SET SQL_NOTES=@OLD_SQL_NOTES */;

-- Dump completed on 2021-03-16 14:46:46
